Date,Volatility,Regime
2014-01-03,28.19173466878038,Low
2014-01-06,29.293732646627706,Low
2014-01-07,29.684296761340377,Low
2014-01-08,30.341850195348023,Low
2014-01-09,30.55962396375268,Normal
2014-01-10,37.23152220017721,Normal
2014-01-13,35.86097862080344,Normal
2014-01-14,37.4262574225096,Normal
2014-01-15,39.018713241270056,Normal
2014-01-16,37.58092832082546,Normal
2014-01-17,36.09988353489539,Normal
2014-01-20,35.036850909977204,Normal
2014-01-21,33.96185826803277,Normal
2014-01-22,33.029007521923255,Normal
2014-01-23,32.30364012814407,Normal
2014-01-24,31.81189818113351,Normal
2014-01-27,34.79617831373106,Normal
2014-01-28,34.07807277044773,Normal
2014-01-29,33.33709653528078,Normal
2014-01-30,33.15769736313473,Normal
2014-01-31,33.216549865812574,Normal
2014-02-03,32.462058933553585,Normal
2014-02-04,32.91380852260659,Normal
2014-02-05,32.18574448067752,Normal
2014-02-06,32.1427550826963,Normal
2014-02-07,31.9717451663431,Normal
2014-02-10,32.004529021656076,Normal
2014-02-11,31.378567192642688,Normal
2014-02-12,32.31850744943964,Normal
2014-02-13,36.12732457385431,Normal
2014-02-14,38.05053121146835,Normal
2014-02-17,39.59817980374828,Normal
2014-02-18,37.8539349042017,Normal
2014-02-19,36.37213879588527,Normal
2014-02-20,35.53627673786494,Normal
2014-02-21,38.43242750985839,Normal
2014-02-24,37.22448632754925,Normal
2014-02-25,36.34863670730466,Normal
2014-02-26,35.256459065706,Normal
2014-02-27,34.19410717335984,Normal
2014-02-28,34.04803877134578,Normal
2014-03-03,33.45655473549613,Normal
2014-03-04,32.84638813248634,Normal
2014-03-05,32.350822914259666,Normal
2014-03-06,31.831697267176445,Normal
2014-03-07,32.4888653363394,Normal
2014-03-10,31.84533917959175,Normal
2014-03-11,32.61598204472899,Normal
2014-03-12,32.1296629336149,Normal
2014-03-13,31.482138861231324,Normal
2014-03-14,36.14404649199077,Normal
2014-03-17,34.88811820581147,Normal
2014-03-18,33.835910464901886,Normal
2014-03-19,34.74211944309387,Normal
2014-03-20,34.60656114210319,Normal
2014-03-21,33.58684392971256,Normal
2014-03-24,32.78566136597003,Normal
2014-03-25,32.28326918247461,Normal
2014-03-26,31.641893348228404,Normal
2014-03-27,33.98898645415996,Normal
2014-03-28,34.14711341411794,Normal
2014-03-31,33.23475473472338,Normal
2014-04-01,32.42902490064979,Normal
2014-04-02,37.69613586492298,Normal
2014-04-03,36.52339867679696,Normal
2014-04-04,35.46601655116917,Normal
2014-04-07,38.87367147317945,Normal
2014-04-08,37.2077088415716,Normal
2014-04-09,39.80349281724127,Normal
2014-04-10,38.05559626606138,Normal
2014-04-11,39.34615330479596,Normal
2014-04-14,38.68613484873887,Normal
2014-04-15,37.316731188401384,Normal
2014-04-16,35.95309463742374,Normal
2014-04-17,34.71172366809554,Normal
2014-04-18,33.66330307729535,Normal
2014-04-21,32.80139540888184,Normal
2014-04-22,32.178729598363034,Normal
2014-04-23,31.682435290089288,Normal
2014-04-24,31.4796430995597,Normal
2014-04-25,31.12021013569879,Normal
2014-04-28,34.74737289281955,Normal
2014-04-29,33.89035287569635,Normal
2014-04-30,32.963959129060385,Normal
2014-05-01,33.10537200945224,Normal
2014-05-02,32.33615175152366,Normal
2014-05-05,32.123807638973275,Normal
2014-05-06,31.782686224057162,Normal
2014-05-07,33.592704381627954,Normal
2014-05-08,32.72200689308045,Normal
2014-05-09,32.41833460750639,Normal
2014-05-12,34.93508047662393,Normal
2014-05-13,36.68326933872906,Normal
2014-05-14,36.760559329142396,Normal
2014-05-15,36.030285562616,Normal
2014-05-16,35.05103047683923,Normal
2014-05-19,34.04414102295373,Normal
2014-05-20,36.616195222677575,Normal
2014-05-21,36.105345177412,Normal
2014-05-22,34.868605026118665,Normal
2014-05-23,33.803653078525706,Normal
2014-05-26,33.08194247797057,Normal
2014-05-27,32.3121101935683,Normal
2014-05-28,32.65581793669904,Normal
2014-05-29,32.078069232897654,Normal
2014-05-30,31.51935917489956,Normal
2014-06-02,30.971392335172144,Normal
2014-06-03,30.671274207756873,Normal
2014-06-04,30.486611054765664,Normal
2014-06-05,30.122137359496225,Low
2014-06-06,29.820614482795417,Low
2014-06-09,29.56361336964118,Low
2014-06-10,29.357187139279187,Low
2014-06-11,29.20867803999475,Low
2014-06-12,29.580267967337647,Low
2014-06-13,29.421115350983328,Low
2014-06-16,29.239814701641727,Low
2014-06-17,29.237581603269696,Low
2014-06-18,29.15675251671691,Low
2014-06-19,29.074556565557835,Low
2014-06-20,32.09982426643241,Normal
2014-06-23,32.29940978711114,Normal
2014-06-24,32.5439124840579,Normal
2014-06-25,33.30196677909626,Normal
2014-06-26,32.72606913668789,Normal
2014-06-27,33.13603115026542,Normal
2014-06-30,32.33751946031178,Normal
2014-07-01,31.82312019302061,Normal
2014-07-02,31.569526529189442,Normal
2014-07-03,31.20034458705629,Normal
2014-07-04,30.899929230428636,Normal
2014-07-07,30.48683126235445,Normal
2014-07-08,30.644418337572947,Normal
2014-07-09,30.779561839844572,Normal
2014-07-10,33.672223208797895,Normal
2014-07-11,33.04950400354128,Normal
2014-07-14,32.25554943432676,Normal
2014-07-15,32.033092388483766,Normal
2014-07-16,31.41190520426937,Normal
2014-07-17,30.943555258587292,Normal
2014-07-18,30.618472511704596,Normal
2014-07-21,39.79295655353364,Normal
2014-07-22,38.037711568490785,Normal
2014-07-23,36.67904441853351,Normal
2014-07-24,37.59897419370296,Normal
2014-07-25,36.11789068817759,Normal
2014-07-28,36.53946836507383,Normal
2014-07-29,35.38552275538832,Normal
2014-07-30,34.231188586724734,Normal
2014-07-31,34.105350989398765,Normal
2014-08-01,38.16297856276791,Normal
2014-08-04,36.86022935427729,Normal
2014-08-05,35.57993664151256,Normal
2014-08-06,34.41126331978633,Normal
2014-08-07,33.46363285009764,Normal
2014-08-08,33.32763100679449,Normal
2014-08-11,54.69857606536421,Normal
2014-08-12,51.1664527003532,Normal
2014-08-13,47.90626278612759,Normal
2014-08-14,45.06433130276151,Normal
2014-08-15,43.18821544447208,Normal
2014-08-18,41.28282467865337,Normal
2014-08-19,39.71711524354372,Normal
2014-08-20,38.04198254881532,Normal
2014-08-21,36.799771050486726,Normal
2014-08-22,36.01397712963827,Normal
2014-08-25,34.78072772291313,Normal
2014-08-26,33.72049794868305,Normal
2014-08-27,33.79763711256209,Normal
2014-08-28,33.73195046344374,Normal
2014-08-29,32.97064892944602,Normal
2014-09-01,32.189097517101956,Normal
2014-09-02,31.56302363914466,Normal
2014-09-03,31.007886062872487,Normal
2014-09-04,30.748310271513247,Normal
2014-09-05,31.38305706113296,Normal
2014-09-08,31.00431646373649,Normal
2014-09-09,31.17766683735003,Normal
2014-09-10,31.770898968493178,Normal
2014-09-11,31.186015822333715,Normal
2014-09-12,31.461019308630497,Normal
2014-09-15,32.345625893033336,Normal
2014-09-16,32.85170463166155,Normal
2014-09-17,32.74273951253487,Normal
2014-09-18,32.01613280565112,Normal
2014-09-19,32.08833338940996,Normal
2014-09-22,33.464710157681246,Normal
2014-09-23,33.301098309470916,Normal
2014-09-24,32.674234725644276,Normal
2014-09-25,31.98578212564672,Normal
2014-09-26,34.01500928177819,Normal
2014-09-29,33.069143808156866,Normal
2014-09-30,32.35075836773619,Normal
2014-10-01,31.853270449056623,Normal
2014-10-02,31.95419135372591,Normal
2014-10-03,31.559782653154535,Normal
2014-10-06,31.00596266842692,Normal
2014-10-07,30.895343404636854,Normal
2014-10-08,31.259469183848577,Normal
2014-10-09,31.879608338511108,Normal
2014-10-10,33.42423808217949,Normal
2014-10-13,47.20939640836607,Normal
2014-10-14,44.54703817392676,Normal
2014-10-15,43.50164865862544,Normal
2014-10-16,41.73405752006834,Normal
2014-10-17,39.683497554036634,Normal
2014-10-20,37.97261698017464,Normal
2014-10-21,36.57443043821799,Normal
2014-10-22,41.04965290307808,Normal
2014-10-23,41.56432470700694,Normal
2014-10-24,40.88689713262709,Normal
2014-10-27,39.15784954052042,Normal
2014-10-28,37.466219073126204,Normal
2014-10-29,37.71222815244958,Normal
2014-10-30,36.53021885729947,Normal
2014-10-31,35.533356288180634,Normal
2014-11-03,41.060962269834306,Normal
2014-11-04,39.818435194610764,Normal
2014-11-05,38.42488975200568,Normal
2014-11-06,36.8477794346162,Normal
2014-11-07,35.486810901299094,Normal
2014-11-10,36.676577740399985,Normal
2014-11-11,35.65223854368889,Normal
2014-11-12,35.34491179656677,Normal
2014-11-13,34.54981132928608,Normal
2014-11-14,33.77537377964476,Normal
2014-11-17,33.267413731871166,Normal
2014-11-18,32.665522851663475,Normal
2014-11-19,33.86002513806747,Normal
2014-11-20,33.113618473264495,Normal
2014-11-21,33.141633578849515,Normal
2014-11-24,32.36649931115435,Normal
2014-11-25,31.74382828028525,Normal
2014-11-26,31.203389305575673,Normal
2014-11-27,31.648926340676724,Normal
2014-11-28,31.111283647861487,Normal
2014-12-01,30.630979550305053,Normal
2014-12-02,32.33939239348073,Normal
2014-12-03,31.663948265513007,Normal
2014-12-04,33.413956391432535,Normal
2014-12-05,33.15600048125858,Normal
2014-12-08,32.38691606577129,Normal
2014-12-09,32.77410563660751,Normal
2014-12-10,32.1836006042918,Normal
2014-12-11,34.27891377089373,Normal
2014-12-12,33.33295018407215,Normal
2014-12-15,37.32698147064417,Normal
2014-12-16,36.01093955353406,Normal
2014-12-17,35.55474959849567,Normal
2014-12-18,39.8149266316334,Normal
2014-12-19,38.02127607602457,Normal
2014-12-22,36.68182245970947,Normal
2014-12-23,36.22267412371757,Normal
2014-12-24,35.264713195726436,Normal
2014-12-25,34.30386646074509,Normal
2014-12-26,33.341830032700834,Normal
2014-12-29,32.51238416508887,Normal
2014-12-30,31.878028041401887,Normal
2014-12-31,31.91730285550275,Normal
2015-01-01,32.834653088461735,Normal
2015-01-02,32.104346018986355,Normal
2015-01-05,31.469491923013017,Normal
2015-01-06,32.68036676770257,Normal
2015-01-07,36.63718227347744,Normal
2015-01-08,35.40447769133695,Normal
2015-01-09,38.891560819930625,Normal
2015-01-12,37.228917145080985,Normal
2015-01-13,36.720687085202435,Normal
2015-01-14,35.43416942068673,Normal
2015-01-15,34.27884897461803,Normal
2015-01-16,33.698773542175545,Normal
2015-01-19,33.853716759549535,Normal
2015-01-20,32.961902812795095,Normal
2015-01-21,32.18140018955496,Normal
2015-01-22,32.10243452228926,Normal
2015-01-23,32.40731362312829,Normal
2015-01-26,31.7152526493822,Normal
2015-01-27,31.359127913528063,Normal
2015-01-28,41.54067596426259,Normal
2015-01-29,40.80482907937736,Normal
2015-01-30,40.53695734581345,Normal
2015-02-02,42.36862952377234,Normal
2015-02-03,41.495761003451356,Normal
2015-02-04,41.20324404455856,Normal
2015-02-05,39.21023403193937,Normal
2015-02-06,38.20257807318196,Normal
2015-02-09,36.82381049060382,Normal
2015-02-10,35.504848300175375,Normal
2015-02-11,36.85839084504695,Normal
2015-02-12,35.83299660470271,Normal
2015-02-13,49.75512982281113,Normal
2015-02-16,46.66314254394787,Normal
2015-02-17,43.96922390591421,Normal
2015-02-18,41.604603789361114,Normal
2015-02-19,40.29508121233831,Normal
2015-02-20,38.427490474537215,Normal
2015-02-23,36.905377104909654,Normal
2015-02-24,35.984040360690344,Normal
2015-02-25,35.00073563998133,Normal
2015-02-26,34.34727428002991,Normal
2015-02-27,33.34909161777911,Normal
2015-03-02,32.859111010574175,Normal
2015-03-03,34.122697799094084,Normal
2015-03-04,35.08991035901093,Normal
2015-03-05,34.29046240204391,Normal
2015-03-06,34.44383879880818,Normal
2015-03-09,34.55341817144667,Normal
2015-03-10,33.52344785027762,Normal
2015-03-11,33.56865487896151,Normal
2015-03-12,32.96177206799486,Normal
2015-03-13,32.80213889615946,Normal
2015-03-16,32.053856643192404,Normal
2015-03-17,31.806106955221207,Normal
2015-03-18,31.626159621366355,Normal
2015-03-19,32.70952765395391,Normal
2015-03-20,32.674874763271326,Normal
2015-03-23,32.23445974588563,Normal
2015-03-24,36.89013430225687,Normal
2015-03-25,36.57965489956484,Normal
2015-03-26,49.70510393268777,Normal
2015-03-27,46.71406678061752,Normal
2015-03-30,44.90243959248002,Normal
2015-03-31,42.422746053052045,Normal
2015-04-01,42.997120377316136,Normal
2015-04-02,40.76606877337311,Normal
2015-04-03,38.833380150751644,Normal
2015-04-06,37.19772089523905,Normal
2015-04-07,38.39055417727795,Normal
2015-04-08,36.93828881603564,Normal
2015-04-09,35.63895765821461,Normal
2015-04-10,36.12690373594335,Normal
2015-04-13,35.09372231910436,Normal
2015-04-14,34.57513597499349,Normal
2015-04-15,34.06493801545017,Normal
2015-04-16,33.49269167343043,Normal
2015-04-17,32.96941076862887,Normal
2015-04-20,33.25845674077052,Normal
2015-04-21,32.684669072822246,Normal
2015-04-22,32.018761254632885,Normal
2015-04-23,31.73198009563454,Normal
2015-04-24,31.353441206144126,Normal
2015-04-27,31.414034884918042,Normal
2015-04-28,31.003632697873492,Normal
2015-04-29,30.566703070375215,Normal
2015-04-30,30.676280666897778,Normal
2015-05-01,30.26842377480115,Low
2015-05-04,32.151272848000524,Normal
2015-05-05,31.851514139097645,Normal
2015-05-06,34.82095285209876,Normal
2015-05-07,33.75130996714944,Normal
2015-05-08,33.80482820857143,Normal
2015-05-11,53.8133063255186,Normal
2015-05-12,50.64129759698128,Normal
2015-05-13,47.57564911250253,Normal
2015-05-14,44.7746444124647,Normal
2015-05-15,42.919202931238935,Normal
2015-05-18,40.70967849687893,Normal
2015-05-19,38.84462605605592,Normal
2015-05-20,37.48459851567844,Normal
2015-05-21,36.04379365046021,Normal
2015-05-22,35.1812371031913,Normal
2015-05-25,34.12467313768952,Normal
2015-05-26,33.19051100913494,Normal
2015-05-27,32.72113600983494,Normal
2015-05-28,41.60724003781806,Normal
2015-05-29,40.00044912572472,Normal
2015-06-01,38.20929700981401,Normal
2015-06-02,36.928186087405315,Normal
2015-06-03,37.534498415732344,Normal
2015-06-04,36.792751337449374,Normal
2015-06-05,36.35517468923114,Normal
2015-06-08,35.15815309264908,Normal
2015-06-09,36.746761180127955,Normal
2015-06-10,35.410900844723486,Normal
2015-06-11,35.99542465471558,Normal
2015-06-12,35.01468894434429,Normal
2015-06-15,37.58883643992253,Normal
2015-06-16,36.186660135069026,Normal
2015-06-17,35.292767492350265,Normal
2015-06-18,34.493757937223535,Normal
2015-06-19,34.29972245501545,Normal
2015-06-22,33.45453473560521,Normal
2015-06-23,32.79548357153428,Normal
2015-06-24,35.54723452517382,Normal
2015-06-25,35.021479630120915,Normal
2015-06-26,34.02508407723733,Normal
2015-06-29,35.33365854246512,Normal
2015-06-30,38.49768189539709,Normal
2015-07-01,36.92122028883363,Normal
2015-07-02,36.087820064605744,Normal
2015-07-03,34.83650520838745,Normal
2015-07-06,33.79222015588253,Normal
2015-07-07,33.84395351000834,Normal
2015-07-08,34.91389111239655,Normal
2015-07-09,34.22838157325777,Normal
2015-07-10,34.19823456244097,Normal
2015-07-13,34.15553236565804,Normal
2015-07-14,33.25477595421483,Normal
2015-07-15,32.44690224071132,Normal
2015-07-16,32.170532834165286,Normal
2015-07-17,33.19875179639108,Normal
2015-07-20,32.705692670722215,Normal
2015-07-21,33.93653206797776,Normal
2015-07-22,33.01858604312453,Normal
2015-07-23,34.326539658469265,Normal
2015-07-24,33.734657951126245,Normal
2015-07-27,33.72855629275104,Normal
2015-07-28,33.12715966695401,Normal
2015-07-29,33.87811253957129,Normal
2015-07-30,33.3439729044443,Normal
2015-07-31,32.5023314224321,Normal
2015-08-03,31.963701881524923,Normal
2015-08-04,32.26937759406528,Normal
2015-08-05,31.60719841579026,Normal
2015-08-06,31.31539487122772,Normal
2015-08-07,31.17370887464974,Normal
2015-08-10,68.51098072931015,High
2015-08-11,65.4652262036679,High
2015-08-12,60.65694258513006,High
2015-08-13,56.25289667187337,Normal
2015-08-14,52.697777922991904,Normal
2015-08-17,49.23947550860188,Normal
2015-08-18,46.44968191637706,Normal
2015-08-19,44.213904796304405,Normal
2015-08-20,41.96231004809494,Normal
2015-08-21,45.1307275265752,Normal
2015-08-24,46.41318103374529,Normal
2015-08-25,48.407496775085015,Normal
2015-08-26,47.20265604363879,Normal
2015-08-27,58.24024167670196,High
2015-08-28,57.165723040156045,Normal
2015-08-31,53.17507684596973,Normal
2015-09-01,50.19000826294261,Normal
2015-09-02,52.73105072603259,Normal
2015-09-03,51.36471257570026,Normal
2015-09-04,48.05972543510761,Normal
2015-09-07,47.31366553525948,Normal
2015-09-08,44.53635042603584,Normal
2015-09-09,47.083740673403085,Normal
2015-09-10,45.95375790157827,Normal
2015-09-11,43.88898333259542,Normal
2015-09-14,41.5348521123566,Normal
2015-09-15,39.49899560817263,Normal
2015-09-16,38.00820596679808,Normal
2015-09-17,36.538787574923504,Normal
2015-09-18,35.37905430434444,Normal
2015-09-21,34.273865581223944,Normal
2015-09-22,33.53919886632542,Normal
2015-09-23,36.46992927649555,Normal
2015-09-24,35.17039253152341,Normal
2015-09-25,35.15945100901733,Normal
2015-09-28,34.127095094948544,Normal
2015-09-29,34.235370254018456,Normal
2015-09-30,34.19588620953837,Normal
2015-10-01,38.51313491692322,Normal
2015-10-02,38.788399126958836,Normal
2015-10-05,39.155074077270996,Normal
2015-10-06,39.28138909522313,Normal
2015-10-07,37.960312472891125,Normal
2015-10-08,36.66482699004815,Normal
2015-10-09,35.35711465308362,Normal
2015-10-12,34.37897389728045,Normal
2015-10-13,33.65646351113465,Normal
2015-10-14,32.767904964256445,Normal
2015-10-15,36.62595309570947,Normal
2015-10-16,35.28376127049115,Normal
2015-10-19,34.84331377921846,Normal
2015-10-20,33.85174225775913,Normal
2015-10-21,33.002170700191414,Normal
2015-10-22,33.294545499913404,Normal
2015-10-23,36.95283547678143,Normal
2015-10-26,35.62923626952465,Normal
2015-10-27,34.65018994679525,Normal
2015-10-28,33.652418838981816,Normal
2015-10-29,32.89256102592135,Normal
2015-10-30,37.98819510274879,Normal
2015-11-02,38.31740152342059,Normal
2015-11-03,37.04273797562597,Normal
2015-11-04,36.010579043625775,Normal
2015-11-05,36.263585181264624,Normal
2015-11-06,35.78489300046145,Normal
2015-11-09,76.56263727376907,High
2015-11-10,70.50354428206528,High
2015-11-11,66.0538405556662,High
2015-11-12,61.40184302474323,High
2015-11-13,57.0105899765895,Normal
2015-11-16,54.394579601596504,Normal
2015-11-17,51.56977085073348,Normal
2015-11-18,48.26002849804853,Normal
2015-11-19,46.81423807985581,Normal
2015-11-20,44.078879847786844,Normal
2015-11-23,41.82441837244289,Normal
2015-11-24,40.86743560393259,Normal
2015-11-25,39.03024082238313,Normal
2015-11-26,37.39873784176836,Normal
2015-11-27,35.970489582415304,Normal
2015-11-30,34.860815098679346,Normal
2015-12-01,34.045780622451254,Normal
2015-12-02,36.65711897553383,Normal
2015-12-03,35.73891236838618,Normal
2015-12-04,34.62359715252131,Normal
2015-12-07,39.102584669628065,Normal
2015-12-08,39.185485266950735,Normal
2015-12-09,37.92734207671014,Normal
2015-12-10,39.43508507568824,Normal
2015-12-11,37.80817175890672,Normal
2015-12-14,37.501556432582,Normal
2015-12-15,36.03110439705468,Normal
2015-12-16,35.15727899966046,Normal
2015-12-17,34.08510966110219,Normal
2015-12-18,34.47959774391981,Normal
2015-12-21,34.977607805510914,Normal
2015-12-22,35.67111257892009,Normal
2015-12-23,34.48328290636594,Normal
2015-12-24,33.471728001983465,Normal
2015-12-25,32.61215834671762,Normal
2015-12-28,31.91760204347876,Normal
2015-12-29,31.361333460860457,Normal
2015-12-30,31.687159548390657,Normal
2015-12-31,31.693910960430046,Normal
2016-01-01,32.22194903233111,Normal
2016-01-04,31.590533296797265,Normal
2016-01-05,32.95807240957781,Normal
2016-01-06,32.96430376414409,Normal
2016-01-07,40.198290251532136,Normal
2016-01-08,44.78141792961502,Normal
2016-01-11,44.278429549565686,Normal
2016-01-12,41.874982200797994,Normal
2016-01-13,40.50436253629674,Normal
2016-01-14,42.61118752874006,Normal
2016-01-15,42.26945800357958,Normal
2016-01-18,50.990720898106574,Normal
2016-01-19,47.75217678652743,Normal
2016-01-20,44.993250625929846,Normal
2016-01-21,42.520906217238455,Normal
2016-01-22,40.635270296325686,Normal
2016-01-25,40.256376456414486,Normal
2016-01-26,38.44456344069553,Normal
2016-01-27,37.04014233692006,Normal
2016-01-28,36.4814114645365,Normal
2016-01-29,35.91166733696661,Normal
2016-02-01,40.97804844925745,Normal
2016-02-02,39.034948228922225,Normal
2016-02-03,44.73574229337191,Normal
2016-02-04,42.28838383520185,Normal
2016-02-05,40.16581420204105,Normal
2016-02-08,52.85923352821614,Normal
2016-02-09,56.07054804915369,Normal
2016-02-10,52.378270040304535,Normal
2016-02-11,49.022280437485705,Normal
2016-02-12,46.19448076635936,Normal
2016-02-15,44.205685613617085,Normal
2016-02-16,41.832380614746214,Normal
2016-02-17,46.58192442698654,Normal
2016-02-18,45.42742333431425,Normal
2016-02-19,60.676762090720615,High
2016-02-22,56.55876958924344,Normal
2016-02-23,55.409464153732806,Normal
2016-02-24,51.61710560179123,Normal
2016-02-25,48.33715910560839,Normal
2016-02-26,45.408689509876794,Normal
2016-02-29,43.139416598318455,Normal
2016-03-01,41.177004727962355,Normal
2016-03-02,44.889823948925304,Normal
2016-03-03,42.43745712463844,Normal
2016-03-04,40.743616030979084,Normal
2016-03-07,38.933456909812435,Normal
2016-03-08,37.57521811630277,Normal
2016-03-09,37.81932393925281,Normal
2016-03-10,36.3443742534098,Normal
2016-03-11,35.115973568411675,Normal
2016-03-14,34.85608949166751,Normal
2016-03-15,33.77979412024365,Normal
2016-03-16,33.120656568357454,Normal
2016-03-17,35.38107404340597,Normal
2016-03-18,34.740879351416396,Normal
2016-03-21,36.69545277654436,Normal
2016-03-22,35.34347112565044,Normal
2016-03-23,34.273870100075754,Normal
2016-03-24,34.17150407482882,Normal
2016-03-25,33.20629428974967,Normal
2016-03-28,32.41666846921161,Normal
2016-03-29,31.976850415519365,Normal
2016-03-30,32.16264677223631,Normal
2016-03-31,31.78645205726992,Normal
2016-04-01,31.37496257159291,Normal
2016-04-04,31.50386848630597,Normal
2016-04-05,31.66004743573172,Normal
2016-04-06,31.163411800167005,Normal
2016-04-07,30.681133857571464,Normal
2016-04-08,31.06725297974575,Normal
2016-04-11,30.664252115359112,Normal
2016-04-12,30.318096769455693,Low
2016-04-13,30.037325707085145,Low
2016-04-14,32.03809791923034,Normal
2016-04-15,31.405413482755307,Normal
2016-04-18,31.00382479012349,Normal
2016-04-19,30.767074672450512,Normal
2016-04-20,32.303095330982316,Normal
2016-04-21,31.634450561232956,Normal
2016-04-22,31.13135965005928,Normal
2016-04-25,30.84345147998071,Normal
2016-04-26,30.43353313391389,Normal
2016-04-27,30.081833534068803,Low
2016-04-28,31.63315257920769,Normal
2016-04-29,35.718457132315024,Normal
2016-05-02,36.3572990449614,Normal
2016-05-03,35.50852121554915,Normal
2016-05-04,35.22067179245578,Normal
2016-05-05,36.767197373692355,Normal
2016-05-06,35.451612525015165,Normal
2016-05-09,34.52907680149518,Normal
2016-05-10,33.57256835874397,Normal
2016-05-11,33.87243867878398,Normal
2016-05-12,32.94800541334502,Normal
2016-05-13,33.338170703065124,Normal
2016-05-16,81.42063456738576,High
2016-05-17,76.08552480469021,High
2016-05-18,69.976048147754,High
2016-05-19,65.66183588524089,High
2016-05-20,60.69891836661081,High
2016-05-23,56.8747066393679,Normal
2016-05-24,52.912308385645886,Normal
2016-05-25,50.73538712793787,Normal
2016-05-26,47.64818770533971,Normal
2016-05-27,45.00988922844865,Normal
2016-05-30,42.53514769885898,Normal
2016-05-31,40.38533655979626,Normal
2016-06-01,39.34999399532169,Normal
2016-06-02,37.61652854859089,Normal
2016-06-03,36.20705325234877,Normal
2016-06-06,36.06194248048611,Normal
2016-06-07,35.053929735873645,Normal
2016-06-08,33.94927418073872,Normal
2016-06-09,33.16211338090621,Normal
2016-06-10,34.63676788822644,Normal
2016-06-13,36.770332144120346,Normal
2016-06-14,35.81851035254834,Normal
2016-06-15,34.5984493559294,Normal
2016-06-16,33.8075009520472,Normal
2016-06-17,32.901599401550094,Normal
2016-06-20,33.916187302594864,Normal
2016-06-21,33.98174945758206,Normal
2016-06-22,33.37101880611085,Normal
2016-06-23,32.57801062954757,Normal
2016-06-24,34.311633553482096,Normal
2016-06-27,46.812722315670506,Normal
2016-06-28,44.65970150881868,Normal
2016-06-29,42.68252549896749,Normal
2016-06-30,41.14219710871046,Normal
2016-07-01,39.25240423052512,Normal
2016-07-04,37.91974108355211,Normal
2016-07-05,36.4155860774893,Normal
2016-07-06,35.698314792786604,Normal
2016-07-07,34.55171869330496,Normal
2016-07-08,35.74147516045735,Normal
2016-07-11,39.76201400714991,Normal
2016-07-12,39.479926732052355,Normal
2016-07-13,38.298135705807645,Normal
2016-07-14,36.747607351532466,Normal
2016-07-15,35.6202955900423,Normal
2016-07-18,35.27529835729485,Normal
2016-07-19,34.16157351064506,Normal
2016-07-20,33.45015897758099,Normal
2016-07-21,33.065736884213685,Normal
2016-07-22,34.22326893144967,Normal
2016-07-25,35.709548634250424,Normal
2016-07-26,35.51923684918523,Normal
2016-07-27,35.191813322928844,Normal
2016-07-28,34.743501354629295,Normal
2016-07-29,33.68530849301877,Normal
2016-08-01,33.59794314976454,Normal
2016-08-02,33.0803183891373,Normal
2016-08-03,33.251016995482516,Normal
2016-08-04,32.42401421667435,Normal
2016-08-05,32.83475707167086,Normal
2016-08-08,32.96810895023173,Normal
2016-08-09,32.382139770973716,Normal
2016-08-10,31.69376344759809,Normal
2016-08-11,31.497426234194375,Normal
2016-08-12,32.353016155413066,Normal
2016-08-15,42.16725314400187,Normal
2016-08-16,40.08847073585024,Normal
2016-08-17,38.53157486741874,Normal
2016-08-18,39.47515219832681,Normal
2016-08-19,38.344441149666814,Normal
2016-08-22,36.75218802983469,Normal
2016-08-23,35.401247747979255,Normal
2016-08-24,34.36696922623273,Normal
2016-08-25,34.760840222550875,Normal
2016-08-26,34.06349974030779,Normal
2016-08-29,33.240006684643596,Normal
2016-08-30,32.461841844323146,Normal
2016-08-31,32.08211779585123,Normal
2016-09-01,31.68758026585308,Normal
2016-09-02,34.20761671684088,Normal
2016-09-05,33.900085770641404,Normal
2016-09-06,33.00100751110238,Normal
2016-09-07,32.41893741791996,Normal
2016-09-08,33.08094362419041,Normal
2016-09-09,32.37529656434536,Normal
2016-09-12,42.85227287510764,Normal
2016-09-13,41.75090022957683,Normal
2016-09-14,40.74454374833282,Normal
2016-09-15,38.95741931239292,Normal
2016-09-16,41.6552864921553,Normal
2016-09-19,39.60056198158224,Normal
2016-09-20,38.24916440845556,Normal
2016-09-21,37.210818978184555,Normal
2016-09-22,38.23099781187378,Normal
2016-09-23,36.65510405470005,Normal
2016-09-26,35.3640964173504,Normal
2016-09-27,34.81713781950513,Normal
2016-09-28,37.63480478809119,Normal
2016-09-29,36.14882326543905,Normal
2016-09-30,35.0588898659307,Normal
2016-10-03,34.75966920372709,Normal
2016-10-04,33.75447145884607,Normal
2016-10-05,32.94952517838748,Normal
2016-10-06,32.22950935087104,Normal
2016-10-07,32.678502386956374,Normal
2016-10-10,32.38332657774383,Normal
2016-10-11,31.700484528615014,Normal
2016-10-12,32.46096721717878,Normal
2016-10-13,31.776574363463464,Normal
2016-10-14,32.81432130783185,Normal
2016-10-17,32.285038098876186,Normal
2016-10-18,31.931576727327247,Normal
2016-10-19,32.02988358320014,Normal
2016-10-20,31.5004139669114,Normal
2016-10-21,32.15105220328455,Normal
2016-10-24,31.634193003361812,Normal
2016-10-25,38.79640843490949,Normal
2016-10-26,37.8577756495719,Normal
2016-10-27,36.343557682227726,Normal
2016-10-28,37.217302847739106,Normal
2016-10-31,35.86297170247269,Normal
2016-11-01,34.77691388941006,Normal
2016-11-02,38.01691158162696,Normal
2016-11-03,36.6551956831784,Normal
2016-11-04,36.136058017213436,Normal
2016-11-07,35.1549175747361,Normal
2016-11-08,43.58978649745,Normal
2016-11-09,41.3348120471909,Normal
2016-11-10,40.71118321457607,Normal
2016-11-11,42.966203695660234,Normal
2016-11-14,144.59395713597812,High
2016-11-15,134.62028606454044,High
2016-11-16,123.4505577535652,High
2016-11-17,116.8208231041924,High
2016-11-18,106.57227125531901,High
2016-11-21,97.39816173790399,High
2016-11-22,89.13595017911157,High
2016-11-23,81.6881578372793,High
2016-11-24,74.99244446952834,High
2016-11-25,69.01419145648048,High
2016-11-28,63.67298520936507,High
2016-11-29,58.950086918385765,High
2016-11-30,55.107892917878445,Normal
2016-12-01,51.89396160827413,Normal
2016-12-02,56.350738568840875,Normal
2016-12-05,52.566435506584575,Normal
2016-12-06,52.674947894183646,Normal
2016-12-07,49.75690758819774,Normal
2016-12-08,47.36126655668597,Normal
2016-12-09,45.76762642704837,Normal
2016-12-12,44.552892328764784,Normal
2016-12-13,44.57257382335407,Normal
2016-12-14,42.878400453568446,Normal
2016-12-15,49.84872484168423,Normal
2016-12-16,48.01711552256926,Normal
2016-12-19,45.79266671026415,Normal
2016-12-20,43.48694443862709,Normal
2016-12-21,44.55258624909575,Normal
2016-12-22,42.15565886835475,Normal
2016-12-23,40.35084407676606,Normal
2016-12-26,40.2515970486671,Normal
2016-12-27,38.41560385864654,Normal
2016-12-28,50.30353874757801,Normal
2016-12-29,61.61232168971853,High
2016-12-30,57.83731531891515,High
2017-01-02,59.07946518782007,High
2017-01-03,54.87505368048184,Normal
2017-01-04,57.2624913306645,Normal
2017-01-05,54.37338864260189,Normal
2017-01-06,52.93787901313413,Normal
2017-01-09,49.77251595094137,Normal
2017-01-10,50.74872588956838,Normal
2017-01-11,47.833527708937474,Normal
2017-01-12,45.683410599881846,Normal
2017-01-13,44.2981827507992,Normal
2017-01-16,41.91440092442589,Normal
2017-01-17,39.8488988169281,Normal
2017-01-18,40.39754464912016,Normal
2017-01-19,39.396891476883695,Normal
2017-01-20,38.96226786838373,Normal
2017-01-23,37.991500614131766,Normal
2017-01-24,36.68517325312904,Normal
2017-01-25,36.70249931052747,Normal
2017-01-26,35.36034014664332,Normal
2017-01-27,35.08280213586999,Normal
2017-01-30,35.114559207902005,Normal
2017-01-31,35.40501161575026,Normal
2017-02-01,34.68708290699244,Normal
2017-02-02,39.95813249077778,Normal
2017-02-03,38.51008862654146,Normal
2017-02-06,37.39899702228981,Normal
2017-02-07,37.95281286673534,Normal
2017-02-08,37.05893802714697,Normal
2017-02-09,35.849880845765206,Normal
2017-02-10,36.513971578964565,Normal
2017-02-13,37.981078380706,Normal
2017-02-14,45.214571106817026,Normal
2017-02-15,42.68941930201699,Normal
2017-02-16,40.495744283097494,Normal
2017-02-17,39.89881426956525,Normal
2017-02-20,38.11606595294356,Normal
2017-02-21,36.5834832545808,Normal
2017-02-22,39.35225731209071,Normal
2017-02-23,37.682452434647054,Normal
2017-02-24,64.73286483019157,High
2017-02-27,59.98444601368849,High
2017-02-28,57.39003968454951,Normal
2017-03-01,55.914020312495055,Normal
2017-03-02,52.350379475345584,Normal
2017-03-03,53.4742859565435,Normal
2017-03-06,50.115915085047554,Normal
2017-03-07,47.293333278472375,Normal
2017-03-08,44.71860245299674,Normal
2017-03-09,42.321452035752024,Normal
2017-03-10,40.20453027824119,Normal
2017-03-13,38.389443608818944,Normal
2017-03-14,39.08482829288179,Normal
2017-03-15,37.42897666805018,Normal
2017-03-16,36.06625413023685,Normal
2017-03-17,35.187284417455665,Normal
2017-03-20,35.54571304611671,Normal
2017-03-21,37.67763486667099,Normal
2017-03-22,40.896532025273764,Normal
2017-03-23,40.07427628453008,Normal
2017-03-24,38.7521825608766,Normal
2017-03-27,37.10503680315841,Normal
2017-03-28,35.778631025098974,Normal
2017-03-29,34.81538622523749,Normal
2017-03-30,33.89199439076224,Normal
2017-03-31,34.1213119834028,Normal
2017-04-03,33.36545987215384,Normal
2017-04-04,32.780464991533705,Normal
2017-04-05,51.600401876816036,Normal
2017-04-06,48.56929056067931,Normal
2017-04-07,45.67975170448836,Normal
2017-04-10,43.248728230801206,Normal
2017-04-11,43.73726216305602,Normal
2017-04-12,41.40565805575787,Normal
2017-04-13,39.81766762569652,Normal
2017-04-14,39.73075810270329,Normal
2017-04-17,37.96782277533421,Normal
2017-04-18,41.19664391767098,Normal
2017-04-19,39.21927495211945,Normal
2017-04-20,37.5090738446216,Normal
2017-04-21,36.71991240199519,Normal
2017-04-24,35.37337908456981,Normal
2017-04-25,34.621229980197946,Normal
2017-04-26,34.48801425734626,Normal
2017-04-27,33.85554951344352,Normal
2017-04-28,33.64865222583227,Normal
2017-05-01,33.784272547534506,Normal
2017-05-02,34.514802139643024,Normal
2017-05-03,37.81543727646142,Normal
2017-05-04,36.39099111313835,Normal
2017-05-05,35.25445053421715,Normal
2017-05-08,34.1441626582121,Normal
2017-05-09,33.92214731552377,Normal
2017-05-10,32.993849746181425,Normal
2017-05-11,92.50535154279271,High
2017-05-12,87.28398007896574,High
2017-05-15,80.11642537560742,High
2017-05-16,77.679030887698,High
2017-05-17,71.90340691553922,High
2017-05-18,76.53763916014697,High
2017-05-19,73.34381571455539,High
2017-05-22,68.39749627068574,High
2017-05-23,63.90014163347553,High
2017-05-24,59.76166310006964,High
2017-05-25,55.65111727232589,Normal
2017-05-26,51.89552295704969,Normal
2017-05-29,50.067793191407034,Normal
2017-05-30,46.943494922009236,Normal
2017-05-31,45.298270184160344,Normal
2017-06-01,42.88806581477658,Normal
2017-06-02,40.689368339711535,Normal
2017-06-05,38.98199698968061,Normal
2017-06-06,40.09009831464337,Normal
2017-06-07,38.44318557225422,Normal
2017-06-08,37.18119871226712,Normal
2017-06-09,50.901535781809415,Normal
2017-06-12,60.518101222354964,High
2017-06-13,56.13001789662051,Normal
2017-06-14,52.38294853663932,Normal
2017-06-15,48.95448439726727,Normal
2017-06-16,45.95664360947315,Normal
2017-06-19,43.520400060236376,Normal
2017-06-20,45.14449202289283,Normal
2017-06-21,42.680680288407075,Normal
2017-06-22,41.03363397985084,Normal
2017-06-23,39.397970668171745,Normal
2017-06-26,41.326445780859935,Normal
2017-06-27,39.98860844468687,Normal
2017-06-28,43.772050343374666,Normal
2017-06-29,44.8680802992741,Normal
2017-06-30,46.72030530874829,Normal
2017-07-03,44.952916116583424,Normal
2017-07-04,47.45517807140445,Normal
2017-07-05,44.65979773747989,Normal
2017-07-06,44.08788740745378,Normal
2017-07-07,41.70716611772928,Normal
2017-07-10,41.07425031293028,Normal
2017-07-11,45.57574300841212,Normal
2017-07-12,43.43926896095743,Normal
2017-07-13,46.18142170210066,Normal
2017-07-14,44.19465173447644,Normal
2017-07-17,43.731244945988315,Normal
2017-07-18,41.56102809175464,Normal
2017-07-19,39.73755448040625,Normal
2017-07-20,38.178693088251016,Normal
2017-07-21,37.156977706155374,Normal
2017-07-24,35.740470470558726,Normal
2017-07-25,35.37169378741931,Normal
2017-07-26,34.449303023123825,Normal
2017-07-27,33.773574640321456,Normal
2017-07-28,38.17830962595269,Normal
2017-07-31,37.33617509103248,Normal
2017-08-01,36.68158216738043,Normal
2017-08-02,35.6978509786406,Normal
2017-08-03,34.537200818025084,Normal
2017-08-04,33.93963212377423,Normal
2017-08-07,33.018229573919335,Normal
2017-08-08,35.48997613141025,Normal
2017-08-09,35.199179380263644,Normal
2017-08-10,34.33800841776215,Normal
2017-08-11,41.620214220073024,Normal
2017-08-14,50.15826259821549,Normal
2017-08-15,61.60420950342636,High
2017-08-16,57.40114118209639,Normal
2017-08-17,53.87394783019998,Normal
2017-08-18,52.047973669602115,Normal
2017-08-21,48.67693079214426,Normal
2017-08-22,46.63696850640925,Normal
2017-08-23,45.14451685745947,Normal
2017-08-24,43.61308379353822,Normal
2017-08-25,41.43297118422533,Normal
2017-08-28,39.84889348044699,Normal
2017-08-29,38.11845068139191,Normal
2017-08-30,36.62979407648549,Normal
2017-08-31,35.332143890883636,Normal
2017-09-01,35.80490218191649,Normal
2017-09-04,34.632871285753986,Normal
2017-09-05,33.619925177336185,Normal
2017-09-06,36.407542660656475,Normal
2017-09-07,35.14007697456312,Normal
2017-09-08,34.03780961117487,Normal
2017-09-11,34.806594707326646,Normal
2017-09-12,37.23210135472754,Normal
2017-09-13,35.80481807951775,Normal
2017-09-14,34.599289129124465,Normal
2017-09-15,33.858502252180166,Normal
2017-09-18,45.59557799634354,Normal
2017-09-19,47.5844044923515,Normal
2017-09-20,44.79415838442455,Normal
2017-09-21,42.70875056373128,Normal
2017-09-22,43.66393074978062,Normal
2017-09-25,41.87150640885662,Normal
2017-09-26,47.509100221664355,Normal
2017-09-27,44.71368518233932,Normal
2017-09-28,43.4752507022059,Normal
2017-09-29,41.20456291159162,Normal
2017-10-02,40.01199961486875,Normal
2017-10-03,38.19043710084579,Normal
2017-10-04,36.621456900840116,Normal
2017-10-05,35.41335471477292,Normal
2017-10-06,34.29440074237631,Normal
2017-10-09,33.304781983630086,Normal
2017-10-10,34.15010803706609,Normal
2017-10-11,34.31896297068906,Normal
2017-10-12,33.59922985205338,Normal
2017-10-13,32.73754696490144,Normal
2017-10-16,33.10638570948048,Normal
2017-10-17,33.21667462852023,Normal
2017-10-18,32.450199158175444,Normal
2017-10-19,31.805501980844483,Normal
2017-10-20,31.220997831871003,Normal
2017-10-23,30.96277700727179,Normal
2017-10-24,30.583754053851386,Normal
2017-10-25,30.481722922218513,Normal
2017-10-26,33.70321998288396,Normal
2017-10-27,33.072853616184545,Normal
2017-10-30,35.70578847190028,Normal
2017-10-31,34.713882266160766,Normal
2017-11-01,34.25651434492891,Normal
2017-11-02,33.27459897464728,Normal
2017-11-03,32.7794333681871,Normal
2017-11-06,32.53480949434649,Normal
2017-11-07,31.837954613702475,Normal
2017-11-08,31.591420735920156,Normal
2017-11-09,32.23429285454877,Normal
2017-11-10,33.55006058310129,Normal
2017-11-13,41.87421249185079,Normal
2017-11-14,41.07533916889742,Normal
2017-11-15,39.17965222344965,Normal
2017-11-16,39.355556726903906,Normal
2017-11-17,37.72004079044037,Normal
2017-11-20,36.275015205287986,Normal
2017-11-21,35.40944626599624,Normal
2017-11-22,34.42928751297686,Normal
2017-11-23,33.63613094722614,Normal
2017-11-24,32.77850088524231,Normal
2017-11-27,32.23366258294656,Normal
2017-11-28,32.675391591887795,Normal
2017-11-29,33.49153495011336,Normal
2017-11-30,50.94520808009463,Normal
2017-12-01,48.771135473077464,Normal
2017-12-04,46.7776457153951,Normal
2017-12-05,54.57055741748084,Normal
2017-12-06,50.90631617315174,Normal
2017-12-07,47.74754610727975,Normal
2017-12-08,45.331761146148224,Normal
2017-12-11,42.87913884287519,Normal
2017-12-12,41.329912714692895,Normal
2017-12-13,41.12398995390924,Normal
2017-12-14,41.80480280047522,Normal
2017-12-15,39.733563875688304,Normal
2017-12-18,40.13063399571909,Normal
2017-12-19,41.529317352060716,Normal
2017-12-20,39.988279256384104,Normal
2017-12-21,38.16649232629491,Normal
2017-12-22,36.80609949585345,Normal
2017-12-25,35.57305960893857,Normal
2017-12-26,34.41647794355591,Normal
2017-12-27,33.713972913346176,Normal
2017-12-28,32.88368532576673,Normal
2017-12-29,32.124299327980886,Normal
2018-01-01,33.73078781614216,Normal
2018-01-02,32.85826707943412,Normal
2018-01-03,35.25763942077838,Normal
2018-01-04,47.355159735635986,Normal
2018-01-05,44.573193828213014,Normal
2018-01-08,42.24424465950394,Normal
2018-01-09,42.75651962773636,Normal
2018-01-10,40.582082816456584,Normal
2018-01-11,38.77536192466188,Normal
2018-01-12,37.12416396183866,Normal
2018-01-15,35.93712241294344,Normal
2018-01-16,34.725627645910514,Normal
2018-01-17,34.69181572210448,Normal
2018-01-18,35.02028354357586,Normal
2018-01-19,33.982071421131025,Normal
2018-01-22,35.15219285609559,Normal
2018-01-23,34.72146878606258,Normal
2018-01-24,35.25487399251969,Normal
2018-01-25,35.14638751592681,Normal
2018-01-26,34.02612491927838,Normal
2018-01-29,36.00981279631342,Normal
2018-01-30,35.32783387615282,Normal
2018-01-31,35.745980334225486,Normal
2018-02-01,34.95012812882994,Normal
2018-02-02,36.30937263696927,Normal
2018-02-05,39.020854220060556,Normal
2018-02-06,61.63896935785476,High
2018-02-07,63.46760212002705,High
2018-02-08,59.071257770327904,High
2018-02-09,61.84026704442451,High
2018-02-12,66.32629653448478,High
2018-02-13,62.236534690974494,High
2018-02-14,58.40172084613661,High
2018-02-15,57.332295576084235,Normal
2018-02-16,54.2037528849893,Normal
2018-02-19,51.06943061460598,Normal
2018-02-20,47.821187246899896,Normal
2018-02-21,46.06041797780631,Normal
2018-02-22,46.997594199468494,Normal
2018-02-23,44.23993484660493,Normal
2018-02-26,42.40687467282272,Normal
2018-02-27,40.25002616484134,Normal
2018-02-28,38.472330144858915,Normal
2018-03-01,38.28434764647004,Normal
2018-03-02,43.62581129327934,Normal
2018-03-05,42.17583972973122,Normal
2018-03-06,40.19655138866991,Normal
2018-03-07,40.56326846581847,Normal
2018-03-08,38.716075562728136,Normal
2018-03-09,37.18162202687551,Normal
2018-03-12,36.590737752508794,Normal
2018-03-13,36.19750209022637,Normal
2018-03-14,35.40207266962492,Normal
2018-03-15,34.25272450859446,Normal
2018-03-16,33.26928579974499,Normal
2018-03-19,32.45632074907831,Normal
2018-03-20,38.70502040517651,Normal
2018-03-21,40.9385285102939,Normal
2018-03-22,39.147908829879846,Normal
2018-03-23,40.757113414620534,Normal
2018-03-26,44.37947588186361,Normal
2018-03-27,48.59060884089732,Normal
2018-03-28,63.92246684674098,High
2018-03-29,60.24114916206103,High
2018-03-30,60.39159989828037,High
2018-04-02,56.0355276904278,Normal
2018-04-03,58.47938274513791,High
2018-04-04,55.05854883000789,Normal
2018-04-05,51.31284666461406,Normal
2018-04-06,49.76057457457762,Normal
2018-04-09,50.36945699479211,Normal
2018-04-10,47.21069150416482,Normal
2018-04-11,52.99733535089861,Normal
2018-04-12,49.78230942315562,Normal
2018-04-13,50.05581955654441,Normal
2018-04-16,47.68442902493839,Normal
2018-04-17,44.860566925420265,Normal
2018-04-18,44.17077751183151,Normal
2018-04-19,41.974845976009306,Normal
2018-04-20,43.88513776732703,Normal
2018-04-23,41.5876917768303,Normal
2018-04-24,41.5830401187553,Normal
2018-04-25,40.3139032331708,Normal
2018-04-26,40.437832507815735,Normal
2018-04-27,43.16270769980587,Normal
2018-04-30,40.92311906431051,Normal
2018-05-01,39.263887203817184,Normal
2018-05-02,37.74510470462836,Normal
2018-05-03,36.395419183392264,Normal
2018-05-04,37.86113516166755,Normal
2018-05-07,38.40048876416309,Normal
2018-05-08,41.7846518703019,Normal
2018-05-09,39.778717023252995,Normal
2018-05-10,39.28203996563819,Normal
2018-05-11,38.32901734502965,Normal
2018-05-14,39.00214998643793,Normal
2018-05-15,37.3177073030743,Normal
2018-05-16,42.3055354872717,Normal
2018-05-17,40.16454828189267,Normal
2018-05-18,38.38390897854101,Normal
2018-05-21,37.1593061902628,Normal
2018-05-22,36.10468906141572,Normal
2018-05-23,35.16893451043409,Normal
2018-05-24,35.35567243313038,Normal
2018-05-25,34.220286867338324,Normal
2018-05-28,33.303970523007614,Normal
2018-05-29,32.49883527217472,Normal
2018-05-30,31.922839986963282,Normal
2018-05-31,32.32052545433745,Normal
2018-06-01,31.79388742038798,Normal
2018-06-04,32.77710014651455,Normal
2018-06-05,34.74145463330749,Normal
2018-06-06,33.69618014793528,Normal
2018-06-07,32.82257691104077,Normal
2018-06-08,32.6164266035118,Normal
2018-06-11,32.00198514357875,Normal
2018-06-12,31.742045427780795,Normal
2018-06-13,31.267769285679282,Normal
2018-06-14,30.812183886416644,Normal
2018-06-15,31.355029294703897,Normal
2018-06-18,31.19526336715374,Normal
2018-06-19,30.750406157806033,Normal
2018-06-20,32.42492601705557,Normal
2018-06-21,31.871035523366544,Normal
2018-06-22,33.546227934267066,Normal
2018-06-25,35.716874292052175,Normal
2018-06-26,44.02852671802697,Normal
2018-06-27,41.95497810585688,Normal
2018-06-28,42.76832636726304,Normal
2018-06-29,41.82214812504544,Normal
2018-07-02,41.05930958796479,Normal
2018-07-03,40.490700250277726,Normal
2018-07-04,40.89283093011151,Normal
2018-07-05,38.96767529264797,Normal
2018-07-06,39.10738349006841,Normal
2018-07-09,38.40097399682186,Normal
2018-07-10,36.903376613476254,Normal
2018-07-11,36.232929512852515,Normal
2018-07-12,37.52888473393323,Normal
2018-07-13,36.64781548178186,Normal
2018-07-16,35.7284838458462,Normal
2018-07-17,34.73071661751901,Normal
2018-07-18,35.22853293721167,Normal
2018-07-19,34.55755948669136,Normal
2018-07-20,33.53420927129775,Normal
2018-07-23,32.887199529711154,Normal
2018-07-24,32.44281003444415,Normal
2018-07-25,31.87789980067361,Normal
2018-07-26,31.730718826557702,Normal
2018-07-27,31.530459256538016,Normal
2018-07-30,31.847397451646675,Normal
2018-07-31,36.30591148239786,Normal
2018-08-01,35.01170589925048,Normal
2018-08-02,33.977725477508486,Normal
2018-08-03,33.89250871636984,Normal
2018-08-06,33.01182788885972,Normal
2018-08-07,32.335203739228625,Normal
2018-08-08,32.006983621084046,Normal
2018-08-09,31.42331596689405,Normal
2018-08-10,31.37550203421706,Normal
2018-08-13,31.23970981112529,Normal
2018-08-14,30.76951677755574,Normal
2018-08-15,31.834780270099987,Normal
2018-08-16,31.854783386467425,Normal
2018-08-17,31.620343534525055,Normal
2018-08-20,42.08535981900509,Normal
2018-08-21,40.306773862926306,Normal
2018-08-22,39.805673006837104,Normal
2018-08-23,42.21534532898649,Normal
2018-08-24,40.64915667315768,Normal
2018-08-27,39.83825843889514,Normal
2018-08-28,38.475792482486725,Normal
2018-08-29,37.12278518659278,Normal
2018-08-30,36.36407879124042,Normal
2018-08-31,35.16562274329395,Normal
2018-09-03,34.29043636278659,Normal
2018-09-04,33.330485439451174,Normal
2018-09-05,32.78044163650662,Normal
2018-09-06,34.028086264063575,Normal
2018-09-07,35.3670618326239,Normal
2018-09-10,34.35303297829293,Normal
2018-09-11,33.622257893034984,Normal
2018-09-12,33.1454937885198,Normal
2018-09-13,34.00879623294331,Normal
2018-09-14,33.41697708694306,Normal
2018-09-17,33.67563055772973,Normal
2018-09-18,33.37837458972057,Normal
2018-09-19,33.305357163807784,Normal
2018-09-20,32.4735699484941,Normal
2018-09-21,34.24441095457596,Normal
2018-09-24,34.020138599207485,Normal
2018-09-25,33.223841015755305,Normal
2018-09-26,32.65317871249321,Normal
2018-09-27,32.22201955282352,Normal
2018-09-28,31.562492802382458,Normal
2018-10-01,40.01035620559899,Normal
2018-10-02,40.77540831156613,Normal
2018-10-03,39.427727339061995,Normal
2018-10-04,37.69305646462747,Normal
2018-10-05,39.38365690468791,Normal
2018-10-08,42.558021271306764,Normal
2018-10-09,41.50755845053261,Normal
2018-10-10,39.516946914646304,Normal
2018-10-11,57.328994972601556,Normal
2018-10-12,58.88196617610433,High
2018-10-15,59.73887739765044,High
2018-10-16,61.35619738112756,High
2018-10-17,60.95486021714541,High
2018-10-18,57.01070551235766,Normal
2018-10-19,53.832008593373544,Normal
2018-10-22,56.174116846560786,Normal
2018-10-23,52.400545016693975,Normal
2018-10-24,55.22962180316378,Normal
2018-10-25,76.6215565026033,High
2018-10-26,73.47189831750364,High
2018-10-29,72.71132193356327,High
2018-10-30,76.44537152935128,High
2018-10-31,84.38349653405737,High
2018-11-01,79.6752800482929,High
2018-11-02,75.09365664398302,High
2018-11-05,69.7155886107852,High
2018-11-06,64.97039862538242,High
2018-11-07,60.162935514608506,High
2018-11-08,56.08611437710879,Normal
2018-11-09,56.4165531568866,Normal
2018-11-12,52.55276441922053,Normal
2018-11-13,66.79060031579753,High
2018-11-14,66.79427949199649,High
2018-11-15,62.11031544081231,High
2018-11-16,58.89957587111328,High
2018-11-19,125.52641886522363,High
2018-11-20,134.12668418809784,High
2018-11-21,122.99510824366452,High
2018-11-22,113.42996311643404,High
2018-11-23,103.48609808164515,High
2018-11-26,94.53323110193865,High
2018-11-27,90.79574036969666,High
2018-11-28,83.14500729938202,High
2018-11-29,78.94246197084372,High
2018-11-30,73.21864452584451,High
2018-12-03,70.0248838057127,High
2018-12-04,67.56796912603389,High
2018-12-05,76.27593381802764,High
2018-12-06,70.15957327519399,High
2018-12-07,64.74474384680583,High
2018-12-10,71.4185028048777,High
2018-12-11,67.25397814414967,High
2018-12-12,63.78658215571659,High
2018-12-13,59.03823161988324,High
2018-12-14,54.839539943139506,Normal
2018-12-17,52.13804230218784,Normal
2018-12-18,50.20220381677526,Normal
2018-12-19,48.31489385562064,Normal
2018-12-20,56.19959777638342,Normal
2018-12-21,54.364902345841614,Normal
2018-12-24,56.0280621705295,Normal
2018-12-25,53.486188672291824,Normal
2018-12-26,49.94329145038104,Normal
2018-12-27,52.3634848639739,Normal
2018-12-28,49.80288125327739,Normal
2018-12-31,47.48682950063549,Normal
2019-01-01,44.710400718063326,Normal
2019-01-02,42.27049050680484,Normal
2019-01-03,41.225773558481464,Normal
2019-01-04,52.49285066179708,Normal
2019-01-07,58.542133736208,High
2019-01-08,60.412159579156445,High
2019-01-09,57.994763340214405,High
2019-01-10,54.65464269071363,Normal
2019-01-11,51.65466769758167,Normal
2019-01-14,49.72288102942165,Normal
2019-01-15,46.82559199070274,Normal
2019-01-16,44.22259452365631,Normal
2019-01-17,42.134155638575024,Normal
2019-01-18,40.99053873912589,Normal
2019-01-21,42.46354856499934,Normal
2019-01-22,40.323425735503925,Normal
2019-01-23,48.82373464689344,Normal
2019-01-24,45.836003863272865,Normal
2019-01-25,51.78421722548103,Normal
2019-01-28,48.84935875581625,Normal
2019-01-29,93.36434269883037,High
2019-01-30,89.59250165347017,High
2019-01-31,84.88822823764387,High
2019-02-01,81.14645097373533,High
2019-02-04,74.53168722293293,High
2019-02-05,70.18142585597008,High
2019-02-06,64.72563008633922,High
2019-02-07,60.596040825775944,High
2019-02-08,60.12119796365324,High
2019-02-11,55.79438177620905,Normal
2019-02-12,52.520081049885576,Normal
2019-02-13,51.505701852365924,Normal
2019-02-14,48.40639471768173,Normal
2019-02-15,45.677682732340514,Normal
2019-02-18,43.87655276539224,Normal
2019-02-19,41.546905247688045,Normal
2019-02-20,39.68885252689824,Normal
2019-02-21,38.248629756467416,Normal
2019-02-22,38.25707944436955,Normal
2019-02-25,38.0866621902108,Normal
2019-02-26,36.66203530978948,Normal
2019-02-27,35.96538832968317,Normal
2019-02-28,35.46243696903661,Normal
2019-03-01,34.63360010648297,Normal
2019-03-04,34.15341505570199,Normal
2019-03-05,33.18627743459533,Normal
2019-03-06,32.45064548228871,Normal
2019-03-07,36.00000285212864,Normal
2019-03-08,36.55747512356258,Normal
2019-03-11,35.403019945055235,Normal
2019-03-12,48.81876843347837,Normal
2019-03-13,45.939342948901,Normal
2019-03-14,47.05899645224221,Normal
2019-03-15,45.69596113925848,Normal
2019-03-18,44.80135210116001,Normal
2019-03-19,42.52720917139692,Normal
2019-03-20,44.89422317269307,Normal
2019-03-21,42.752174641421526,Normal
2019-03-22,48.83101623709876,Normal
2019-03-25,50.23421215455333,Normal
2019-03-26,48.77241211101354,Normal
2019-03-27,46.49368576347853,Normal
2019-03-28,43.87197691216463,Normal
2019-03-29,41.52851548483469,Normal
2019-04-01,39.87956576705124,Normal
2019-04-02,38.65056716033936,Normal
2019-04-03,37.02144943953929,Normal
2019-04-04,38.59133312819084,Normal
2019-04-05,37.04339971711921,Normal
2019-04-08,36.17840976124297,Normal
2019-04-09,34.91567983763149,Normal
2019-04-10,34.89033212311048,Normal
2019-04-11,34.446748201952076,Normal
2019-04-12,33.56484222439389,Normal
2019-04-15,33.18338935599771,Normal
2019-04-16,36.38835065329725,Normal
2019-04-17,36.146659131574225,Normal
2019-04-18,35.10809422126905,Normal
2019-04-19,34.257853614370795,Normal
2019-04-22,33.3029647518945,Normal
2019-04-23,32.823453905247064,Normal
2019-04-24,32.42639650193881,Normal
2019-04-25,31.730877686080067,Normal
2019-04-26,33.95100491497422,Normal
2019-04-29,42.8834245377561,Normal
2019-04-30,40.72891540844228,Normal
2019-05-01,38.96572686874017,Normal
2019-05-02,37.403505649951875,Normal
2019-05-03,36.55429738992747,Normal
2019-05-06,35.27551706608223,Normal
2019-05-07,35.79056146606909,Normal
2019-05-08,40.936216418235816,Normal
2019-05-09,38.99554466098291,Normal
2019-05-10,39.52618862494819,Normal
2019-05-13,38.20035586877492,Normal
2019-05-14,50.9786236478249,Normal
2019-05-15,48.89132290863124,Normal
2019-05-16,46.890052659938554,Normal
2019-05-17,44.14947686559171,Normal
2019-05-20,43.98677258242187,Normal
2019-05-21,45.36917380050199,Normal
2019-05-22,44.015632833829756,Normal
2019-05-23,43.17676079167862,Normal
2019-05-24,45.074093879665625,Normal
2019-05-27,43.58324875963763,Normal
2019-05-28,41.2926581987412,Normal
2019-05-29,40.129879714294,Normal
2019-05-30,40.34510665624163,Normal
2019-05-31,38.864241751767025,Normal
2019-06-03,40.36945126779038,Normal
2019-06-04,39.33569899022161,Normal
2019-06-05,50.96419759091289,Normal
2019-06-06,48.35836669740688,Normal
2019-06-07,46.12935339809444,Normal
2019-06-10,43.76669113784329,Normal
2019-06-11,42.46078636500972,Normal
2019-06-12,40.888146657389996,Normal
2019-06-13,42.84116540672478,Normal
2019-06-14,41.08342484547554,Normal
2019-06-17,41.771617361562015,Normal
2019-06-18,39.700893177717404,Normal
2019-06-19,46.497818307560465,Normal
2019-06-20,43.80633009648657,Normal
2019-06-21,41.51176363961533,Normal
2019-06-24,40.63206519950463,Normal
2019-06-25,38.758340874758055,Normal
2019-06-26,37.52269301046614,Normal
2019-06-27,44.158137726652015,Normal
2019-06-28,43.409228704405244,Normal
2019-07-01,41.16089663134379,Normal
2019-07-02,39.479767791901054,Normal
2019-07-03,40.342762623523306,Normal
2019-07-04,38.46981523701764,Normal
2019-07-05,36.88624645104421,Normal
2019-07-08,36.829260931672906,Normal
2019-07-09,37.31363438161631,Normal
2019-07-10,35.886132931923626,Normal
2019-07-11,35.54476999766234,Normal
2019-07-12,39.30463629862615,Normal
2019-07-15,37.68581598226787,Normal
2019-07-16,36.27426936218252,Normal
2019-07-17,35.04201697647658,Normal
2019-07-18,34.64930568845235,Normal
2019-07-19,33.60470391181478,Normal
2019-07-22,33.44625619042554,Normal
2019-07-23,33.487008258720294,Normal
2019-07-24,34.77269439551499,Normal
2019-07-25,34.5762158912485,Normal
2019-07-26,37.84120480798785,Normal
2019-07-29,36.52059930538479,Normal
2019-07-30,35.260781602304675,Normal
2019-07-31,34.12695162509244,Normal
2019-08-01,40.02657449575218,Normal
2019-08-02,40.558375063470216,Normal
2019-08-05,41.00715553729927,Normal
2019-08-06,53.94694656243548,Normal
2019-08-07,50.49794390397327,Normal
2019-08-08,47.468428247722834,Normal
2019-08-09,46.686339305655444,Normal
2019-08-12,46.59681084390894,Normal
2019-08-13,45.246247724906105,Normal
2019-08-14,45.16254299481381,Normal
2019-08-15,48.16232777798039,Normal
2019-08-16,45.66135225301067,Normal
2019-08-19,56.27296666265058,Normal
2019-08-20,63.05344063866974,High
2019-08-21,59.337002236440526,High
2019-08-22,55.85508988545474,Normal
2019-08-23,52.013603473706844,Normal
2019-08-26,57.39997907517165,Normal
2019-08-27,54.03958684080545,Normal
2019-08-28,52.157347542602494,Normal
2019-08-29,48.835880057082676,Normal
2019-08-30,49.07795666531852,Normal
2019-09-02,46.05655721494223,Normal
2019-09-03,43.440937742593746,Normal
2019-09-04,42.9220837997504,Normal
2019-09-05,42.848756732997465,Normal
2019-09-06,52.00586503917935,Normal
2019-09-09,48.84622827386958,Normal
2019-09-10,46.03905565500043,Normal
2019-09-11,43.88941593271205,Normal
2019-09-12,41.580618528889914,Normal
2019-09-13,39.567319432859215,Normal
2019-09-16,38.68861289889968,Normal
2019-09-17,37.618987681354675,Normal
2019-09-18,36.14985914146436,Normal
2019-09-19,35.186271726718935,Normal
2019-09-20,35.65701026349556,Normal
2019-09-23,37.37106728959917,Normal
2019-09-24,36.300452658864536,Normal
2019-09-25,36.034644572730905,Normal
2019-09-26,38.308556768723335,Normal
2019-09-27,36.94862689036383,Normal
2019-09-30,40.11855303339676,Normal
2019-10-01,38.70865368804862,Normal
2019-10-02,37.09962328347497,Normal
2019-10-03,35.95477575060514,Normal
2019-10-04,42.01841021739812,Normal
2019-10-07,39.917913618826525,Normal
2019-10-08,38.50064812747687,Normal
2019-10-09,43.207840397572475,Normal
2019-10-10,41.930370870690076,Normal
2019-10-11,40.20923126520127,Normal
2019-10-14,39.0265002833154,Normal
2019-10-15,37.337313999457336,Normal
2019-10-16,44.44460441035136,Normal
2019-10-17,42.65323324817786,Normal
2019-10-18,40.48040771676859,Normal
2019-10-21,40.41360215753822,Normal
2019-10-22,40.974918211997895,Normal
2019-10-23,39.09320903497324,Normal
2019-10-24,37.50129711974047,Normal
2019-10-25,36.19558015387939,Normal
2019-10-28,39.827035373487455,Normal
2019-10-29,38.28715466803743,Normal
2019-10-30,38.47765690315059,Normal
2019-10-31,36.88552590383397,Normal
2019-11-01,36.125602548387256,Normal
2019-11-04,34.96812961088934,Normal
2019-11-05,38.92425620255702,Normal
2019-11-06,37.43036405599892,Normal
2019-11-07,36.552811293492816,Normal
2019-11-08,35.22406508140376,Normal
2019-11-11,34.210393379751885,Normal
2019-11-12,33.23537542774195,Normal
2019-11-13,32.49060912247262,Normal
2019-11-14,32.04477738655336,Normal
2019-11-15,31.458637147908814,Normal
2019-11-18,34.785817682877635,Normal
2019-11-19,38.93794833093696,Normal
2019-11-20,39.26040291553611,Normal
2019-11-21,38.144204513627884,Normal
2019-11-22,36.79351157543337,Normal
2019-11-25,35.42896400469834,Normal
2019-11-26,41.985804203083674,Normal
2019-11-27,41.573343240431996,Normal
2019-11-28,39.583020352161725,Normal
2019-11-29,37.840915039276965,Normal
2019-12-02,36.678419687686485,Normal
2019-12-03,40.74246473041004,Normal
2019-12-04,39.20048459681184,Normal
2019-12-05,37.616939401849805,Normal
2019-12-06,36.26658209115616,Normal
2019-12-09,35.74221277138359,Normal
2019-12-10,34.560069352210796,Normal
2019-12-11,33.677782368337,Normal
2019-12-12,33.51592864380316,Normal
2019-12-13,35.919891800609776,Normal
2019-12-16,34.71926965162391,Normal
2019-12-17,33.691823528333465,Normal
2019-12-18,33.346730551317634,Normal
2019-12-19,32.53743098697541,Normal
2019-12-20,34.13535393315733,Normal
2019-12-23,33.99527548183864,Normal
2019-12-24,33.1566616548314,Normal
2019-12-25,32.39753656132841,Normal
2019-12-26,31.737638303726072,Normal
2019-12-27,31.154103437484626,Normal
2019-12-30,31.376576794249466,Normal
2019-12-31,33.03924740563844,Normal
2020-01-01,32.70225586680633,Normal
2020-01-02,31.993200832806533,Normal
2020-01-03,32.639146486531246,Normal
2020-01-06,33.460598763519535,Normal
2020-01-07,32.6115191472733,Normal
2020-01-08,32.2856745540184,Normal
2020-01-09,31.61531346154384,Normal
2020-01-10,31.37107069002182,Normal
2020-01-13,30.882251735299654,Normal
2020-01-14,34.01572049436665,Normal
2020-01-15,35.016769251368736,Normal
2020-01-16,34.30157593052552,Normal
2020-01-17,33.82856088962218,Normal
2020-01-20,32.917208261606795,Normal
2020-01-21,32.17368174092999,Normal
2020-01-22,31.810523668962222,Normal
2020-01-23,31.38660320536911,Normal
2020-01-24,31.182884478632776,Normal
2020-01-27,31.367497089338,Normal
2020-01-28,39.028892357512134,Normal
2020-01-29,40.50544676940877,Normal
2020-01-30,39.184279053390455,Normal
2020-01-31,37.481207578243165,Normal
2020-02-03,42.35987510935326,Normal
2020-02-04,40.88226014825526,Normal
2020-02-05,41.235851924994634,Normal
2020-02-06,39.761909832082374,Normal
2020-02-07,38.44345854834304,Normal
2020-02-10,37.50585678671103,Normal
2020-02-11,42.40987976857784,Normal
2020-02-12,41.15184440357242,Normal
2020-02-13,39.943343594358126,Normal
2020-02-14,38.43610793589722,Normal
2020-02-17,50.840485294194096,Normal
2020-02-18,47.6204733384915,Normal
2020-02-19,46.11845275323254,Normal
2020-02-20,53.0890101988304,Normal
2020-02-21,50.946105011125496,Normal
2020-02-24,55.04458241225876,Normal
2020-02-25,65.5361218055529,High
2020-02-26,65.13977857996537,High
2020-02-27,61.045357814250735,High
2020-02-28,65.10038950383823,High
2020-03-02,69.3899082612056,High
2020-03-03,64.96228792998349,High
2020-03-04,64.07070851509255,High
2020-03-05,68.81899444286255,High
2020-03-06,67.54094595540438,High
2020-03-09,64.34312666173393,High
2020-03-10,74.43409182909363,High
2020-03-11,75.51569292732766,High
2020-03-12,76.6245194079526,High
2020-03-13,100.3954153718869,High
2020-03-16,107.65266194111476,High
2020-03-17,148.23843589383455,High
2020-03-18,144.83973508762725,High
2020-03-19,137.26000088788456,High
2020-03-20,127.39245845197523,High
2020-03-23,117.75111837875478,High
2020-03-24,108.61483031830055,High
2020-03-25,129.72270568557494,High
2020-03-26,118.50515169216547,High
2020-03-27,110.5567361136371,High
2020-03-30,101.47857339180106,High
2020-03-31,96.10751559556145,High
2020-04-01,88.07310943432869,High
2020-04-02,92.37740552004007,High
2020-04-03,88.26908029379975,High
2020-04-06,85.03605737979997,High
2020-04-07,92.62945509111185,High
2020-04-08,87.22474601595957,High
2020-04-09,81.29294664393737,High
2020-04-10,75.23254344000843,High
2020-04-13,69.22841037238368,High
2020-04-14,65.07709962386777,High
2020-04-15,65.53261621481622,High
2020-04-16,61.017174082153744,High
2020-04-17,61.639682629623564,High
2020-04-20,57.41268162634403,Normal
2020-04-21,54.54137192902978,Normal
2020-04-22,61.88758124895507,High
2020-04-23,65.0822759493855,High
2020-04-24,60.4216821540743,High
2020-04-27,56.77061925287955,Normal
2020-04-28,54.23434556716156,Normal
2020-04-29,51.950558673737774,Normal
2020-04-30,49.924062078454284,Normal
2020-05-01,48.47413772999845,Normal
2020-05-04,49.392244195709836,Normal
2020-05-05,48.55473018554169,Normal
2020-05-06,45.70341793222363,Normal
2020-05-07,43.52006657721521,Normal
2020-05-08,42.71414823587858,Normal
2020-05-11,42.220869009132876,Normal
2020-05-12,43.06062553409832,Normal
2020-05-13,45.1107453442587,Normal
2020-05-14,42.69747759933427,Normal
2020-05-15,43.40977214445682,Normal
2020-05-18,50.05040472333827,Normal
2020-05-19,49.177781634144225,Normal
2020-05-20,46.18573073505729,Normal
2020-05-21,44.360828104988215,Normal
2020-05-22,43.96962630547414,Normal
2020-05-25,43.81660795108616,Normal
2020-05-26,41.49493106853474,Normal
2020-05-27,44.278327235751604,Normal
2020-05-28,43.962822750721095,Normal
2020-05-29,41.77290742306523,Normal
2020-06-01,45.704821377141556,Normal
2020-06-02,43.475528390775956,Normal
2020-06-03,41.176185692774276,Normal
2020-06-04,39.48044063245166,Normal
2020-06-05,37.750601106019204,Normal
2020-06-08,37.09979785150458,Normal
2020-06-09,36.65688751209348,Normal
2020-06-10,37.66319984692621,Normal
2020-06-11,40.100344089429086,Normal
2020-06-12,51.96119580385134,Normal
2020-06-15,49.064546447965654,Normal
2020-06-16,47.821004604630154,Normal
2020-06-17,45.5951694037987,Normal
2020-06-18,43.834820449789596,Normal
2020-06-19,41.559302421389624,Normal
2020-06-22,39.53315768742262,Normal
2020-06-23,40.20775775125466,Normal
2020-06-24,38.78050050212506,Normal
2020-06-25,39.58539285603461,Normal
2020-06-26,40.054868152963145,Normal
2020-06-29,43.46983853638754,Normal
2020-06-30,41.18896101424645,Normal
2020-07-01,42.22829731360034,Normal
2020-07-02,40.0977651346122,Normal
2020-07-03,38.392427101816146,Normal
2020-07-06,36.81998659981782,Normal
2020-07-07,37.15735714810444,Normal
2020-07-08,35.73893888180808,Normal
2020-07-09,38.49218900819514,Normal
2020-07-10,39.372058202797255,Normal
2020-07-13,37.747166844271156,Normal
2020-07-14,43.32935882748753,Normal
2020-07-15,43.940961834868894,Normal
2020-07-16,42.587000977649865,Normal
2020-07-17,40.89139039055928,Normal
2020-07-20,38.999127951773346,Normal
2020-07-21,40.08296915579919,Normal
2020-07-22,39.740002312310246,Normal
2020-07-23,38.19292269385494,Normal
2020-07-24,40.607520814024475,Normal
2020-07-27,38.74929466987244,Normal
2020-07-28,38.53699667773721,Normal
2020-07-29,38.85788963916407,Normal
2020-07-30,38.95524324592961,Normal
2020-07-31,37.78255116986253,Normal
2020-08-03,36.29687314339777,Normal
2020-08-04,39.47517182224375,Normal
2020-08-05,38.80589674621927,Normal
2020-08-06,37.17460748045646,Normal
2020-08-07,35.76342225777185,Normal
2020-08-10,35.438185606350814,Normal
2020-08-11,34.409647687256665,Normal
2020-08-12,37.3777112516132,Normal
2020-08-13,44.9729365277257,Normal
2020-08-14,42.49448323842385,Normal
2020-08-17,40.54902730812848,Normal
2020-08-18,51.05136392523976,Normal
2020-08-19,48.018525465581085,Normal
2020-08-20,45.63693341507815,Normal
2020-08-21,43.072331415360594,Normal
2020-08-24,46.414674437324756,Normal
2020-08-25,43.73056748415183,Normal
2020-08-26,41.396873599114315,Normal
2020-08-27,39.37965898891402,Normal
2020-08-28,38.384904734567854,Normal
2020-08-31,41.99424834708666,Normal
2020-09-01,40.645493293537875,Normal
2020-09-02,42.058385448881324,Normal
2020-09-03,44.0852397979747,Normal
2020-09-04,67.99631092778776,High
2020-09-07,65.26143292228909,High
2020-09-08,60.352180982176634,High
2020-09-09,64.72221780103075,High
2020-09-10,68.64140691584458,High
2020-09-11,66.04733153621675,High
2020-09-14,61.538704748226536,High
2020-09-15,63.97289875629088,High
2020-09-16,59.29727868252497,High
2020-09-17,59.0906159357926,High
2020-09-18,54.984677612094906,Normal
2020-09-21,52.954322080415615,Normal
2020-09-22,51.10113307176521,Normal
2020-09-23,47.97482365238551,Normal
2020-09-24,50.943818830631834,Normal
2020-09-25,48.43216125010132,Normal
2020-09-28,50.1031097932115,Normal
2020-09-29,47.24999561759194,Normal
2020-09-30,44.91731862621552,Normal
2020-10-01,43.78892588827906,Normal
2020-10-02,41.491809719022584,Normal
2020-10-05,46.00191246679693,Normal
2020-10-06,48.60717067211927,Normal
2020-10-07,45.70143655080019,Normal
2020-10-08,43.7433860320273,Normal
2020-10-09,41.87554566518369,Normal
2020-10-12,40.02883336368246,Normal
2020-10-13,41.563014190810904,Normal
2020-10-14,39.52470243176611,Normal
2020-10-15,38.445328152109404,Normal
2020-10-16,37.356140642445304,Normal
2020-10-19,36.68813273908083,Normal
2020-10-20,37.91607599962375,Normal
2020-10-21,36.65612462787334,Normal
2020-10-22,35.8456093615258,Normal
2020-10-23,35.5196071696939,Normal
2020-10-26,35.20329732682362,Normal
2020-10-27,39.23425023265209,Normal
2020-10-28,38.566386786662115,Normal
2020-10-29,49.66195387210445,Normal
2020-10-30,48.993646621424794,Normal
2020-11-02,50.9751902396772,Normal
2020-11-03,47.72172211374322,Normal
2020-11-04,47.98756450774052,Normal
2020-11-05,53.97552962457716,Normal
2020-11-06,51.92029449619629,Normal
2020-11-09,50.426161815921695,Normal
2020-11-10,59.94270522057701,High
2020-11-11,66.49595269489592,High
2020-11-12,66.39584874853352,High
2020-11-13,61.343857357805824,High
2020-11-16,57.39601300381134,Normal
2020-11-17,53.87248983323007,Normal
2020-11-18,50.52266793272215,Normal
2020-11-19,47.334958331632244,Normal
2020-11-20,44.542824782887664,Normal
2020-11-23,44.92635306096558,Normal
2020-11-24,42.4413453121096,Normal
2020-11-25,41.25238891940611,Normal
2020-11-26,40.49668569639229,Normal
2020-11-27,38.626513058287834,Normal
2020-11-30,36.99535209828553,Normal
2020-12-01,35.851518573691656,Normal
2020-12-02,34.67462192939878,Normal
2020-12-03,33.961412759458206,Normal
2020-12-04,33.79142511654834,Normal
2020-12-07,33.2673971316808,Normal
2020-12-08,32.44189664975797,Normal
2020-12-09,33.80897847098831,Normal
2020-12-10,37.76051889080018,Normal
2020-12-11,36.25380225300673,Normal
2020-12-14,34.96799143163082,Normal
2020-12-15,35.51224724465237,Normal
2020-12-16,34.34306116795014,Normal
2020-12-17,33.91101665618028,Normal
2020-12-18,33.081922629804275,Normal
2020-12-21,32.55341476600177,Normal
2020-12-22,31.854174537448014,Normal
2020-12-23,31.455986719405647,Normal
2020-12-24,33.31092096621142,Normal
2020-12-25,32.53858867595706,Normal
2020-12-28,31.85589350926859,Normal
2020-12-29,31.69765605452261,Normal
2020-12-30,31.122953418985055,Normal
2020-12-31,31.41606056096513,Normal
2021-01-01,31.307107710909992,Normal
2021-01-04,30.826018941239173,Normal
2021-01-05,30.40946582721092,Normal
2021-01-06,31.795009741704924,Normal
2021-01-07,46.17843023589143,Normal
2021-01-08,52.18961350865941,Normal
2021-01-11,48.95724782782558,Normal
2021-01-12,47.58600557811557,Normal
2021-01-13,45.26900830797313,Normal
2021-01-14,42.735418502006276,Normal
2021-01-15,43.12631911141093,Normal
2021-01-18,43.695730208303615,Normal
2021-01-19,41.39014427939083,Normal
2021-01-20,39.75070976440736,Normal
2021-01-21,39.95201004580694,Normal
2021-01-22,42.33717029435138,Normal
2021-01-25,40.872561662443964,Normal
2021-01-26,39.10309870735948,Normal
2021-01-27,38.72894897583765,Normal
2021-01-28,43.37520122118131,Normal
2021-01-29,41.293641959188825,Normal
2021-02-01,39.484135983389606,Normal
2021-02-02,38.72610772393721,Normal
2021-02-03,38.798106311143485,Normal
2021-02-04,37.22129345646199,Normal
2021-02-05,36.001532998659606,Normal
2021-02-08,35.015796826287016,Normal
2021-02-09,46.01715542137627,Normal
2021-02-10,44.110223586942794,Normal
2021-02-11,45.11041082742434,Normal
2021-02-12,45.50571061188295,Normal
2021-02-15,44.503483947422595,Normal
2021-02-16,42.09083025161194,Normal
2021-02-17,41.64988704832154,Normal
2021-02-18,42.88742775205855,Normal
2021-02-19,40.88060336322785,Normal
2021-02-22,38.989506891670906,Normal
2021-02-23,43.48560849424697,Normal
2021-02-24,42.256826640190944,Normal
2021-02-25,41.873711489310445,Normal
2021-02-26,61.93759732043105,High
2021-03-01,59.26031313101304,High
2021-03-02,55.13209532910529,Normal
2021-03-03,54.627607481690646,Normal
2021-03-04,57.20908271902312,Normal
2021-03-05,56.82071977684152,Normal
2021-03-08,52.92305370209713,Normal
2021-03-09,63.71076237660253,High
2021-03-10,71.30743178673676,High
2021-03-11,65.81478706598115,High
2021-03-12,64.27394002638985,High
2021-03-15,59.883595077313714,High
2021-03-16,56.94103358132753,Normal
2021-03-17,53.034452931908085,Normal
2021-03-18,49.530168466872304,Normal
2021-03-19,53.68449249824044,Normal
2021-03-22,50.24025182689204,Normal
2021-03-23,48.7442416608048,Normal
2021-03-24,46.17248175343923,Normal
2021-03-25,47.59711096737594,Normal
2021-03-26,45.16199708789472,Normal
2021-03-29,44.155661390373666,Normal
2021-03-30,41.883294922619534,Normal
2021-03-31,40.060609093002796,Normal
2021-04-01,42.305095192351004,Normal
2021-04-02,43.586329337479185,Normal
2021-04-05,41.29532780674821,Normal
2021-04-06,39.657713089445465,Normal
2021-04-07,38.39337173597915,Normal
2021-04-08,37.980069219198064,Normal
2021-04-09,36.802036297349915,Normal
2021-04-12,35.474777254611226,Normal
2021-04-13,44.25595038153269,Normal
2021-04-14,44.447377107531494,Normal
2021-04-15,44.742187869531605,Normal
2021-04-16,50.72109479364553,Normal
2021-04-19,48.32845600686807,Normal
2021-04-20,49.7420587696893,Normal
2021-04-21,47.33631643269324,Normal
2021-04-22,44.84334723308142,Normal
2021-04-23,46.65602351773793,Normal
2021-04-26,45.939726580467216,Normal
2021-04-27,43.73470311088604,Normal
2021-04-28,41.67211594327384,Normal
2021-04-29,39.93947864566986,Normal
2021-04-30,38.12248339173104,Normal
2021-05-03,38.66183352256698,Normal
2021-05-04,37.80026548155723,Normal
2021-05-05,41.08769271861667,Normal
2021-05-06,39.19667466188292,Normal
2021-05-07,37.496118322090815,Normal
2021-05-10,37.18051840694745,Normal
2021-05-11,41.772571612473264,Normal
2021-05-12,39.701877081764934,Normal
2021-05-13,44.025892024648144,Normal
2021-05-14,41.95846259545195,Normal
2021-05-17,44.98254126585387,Normal
2021-05-18,42.70413832582859,Normal
2021-05-19,41.12666640673484,Normal
2021-05-20,39.147448636067814,Normal
2021-05-21,42.02375224337229,Normal
2021-05-24,41.78915244130314,Normal
2021-05-25,44.637842642004955,Normal
2021-05-26,42.1845520997581,Normal
2021-05-27,40.059636949998726,Normal
2021-05-28,39.20346591020672,Normal
2021-05-31,44.62994697440346,Normal
2021-06-01,42.20062659504209,Normal
2021-06-02,40.07849533659164,Normal
2021-06-03,41.18962541132945,Normal
2021-06-04,39.47857842156305,Normal
2021-06-07,41.596348127503106,Normal
2021-06-08,39.549802951210815,Normal
2021-06-09,38.3185547187206,Normal
2021-06-10,36.98390503563003,Normal
2021-06-11,35.59511212559073,Normal
2021-06-14,36.06120293834721,Normal
2021-06-15,35.07965458466918,Normal
2021-06-16,34.97101605099778,Normal
2021-06-17,33.88531026756166,Normal
2021-06-18,40.51144247237276,Normal
2021-06-21,38.66221386997273,Normal
2021-06-22,37.78291864051228,Normal
2021-06-23,38.15171699951708,Normal
2021-06-24,36.747175731096796,Normal
2021-06-25,35.494626890269856,Normal
2021-06-28,34.89564155617687,Normal
2021-06-29,41.976524787487435,Normal
2021-06-30,39.87890935638186,Normal
2021-07-01,38.12463005237544,Normal
2021-07-02,36.80382693457326,Normal
2021-07-05,35.91628058127079,Normal
2021-07-06,34.70791917284421,Normal
2021-07-07,33.90493135732849,Normal
2021-07-08,34.443652743534926,Normal
2021-07-09,36.21039647601394,Normal
2021-07-12,35.023833651943576,Normal
2021-07-13,35.612516840689736,Normal
2021-07-14,35.41284721850999,Normal
2021-07-15,36.41013582812136,Normal
2021-07-16,43.46544169038186,Normal
2021-07-19,48.01219152342688,Normal
2021-07-20,48.07920174916555,Normal
2021-07-21,45.60913111688133,Normal
2021-07-22,47.945935147719844,Normal
2021-07-23,45.21523201756452,Normal
2021-07-26,42.75293101931262,Normal
2021-07-27,41.47280752406633,Normal
2021-07-28,39.625596119468966,Normal
2021-07-29,38.45497120434225,Normal
2021-07-30,36.965566514025646,Normal
2021-08-02,36.05503122086672,Normal
2021-08-03,35.22476596163054,Normal
2021-08-04,34.094208785514375,Normal
2021-08-05,34.881876934224245,Normal
2021-08-06,34.76580572578347,Normal
2021-08-09,34.75924907267269,Normal
2021-08-10,33.856727080584804,Normal
2021-08-11,34.719658610166796,Normal
2021-08-12,34.56193574673613,Normal
2021-08-13,33.79100434337616,Normal
2021-08-16,33.455270502642065,Normal
2021-08-17,33.50991413987283,Normal
2021-08-18,35.84709283875217,Normal
2021-08-19,37.004834973544895,Normal
2021-08-20,40.630157103847424,Normal
2021-08-23,46.37754010358792,Normal
2021-08-24,51.51908410941093,Normal
2021-08-25,48.502776292897416,Normal
2021-08-26,46.40514284152044,Normal
2021-08-27,43.99794163327284,Normal
2021-08-30,43.39348465643103,Normal
2021-08-31,41.104692256270425,Normal
2021-09-01,40.04414046287082,Normal
2021-09-02,38.21151864169032,Normal
2021-09-03,36.72219203901293,Normal
2021-09-06,36.54644989115583,Normal
2021-09-07,35.24388887435193,Normal
2021-09-08,34.577420341895255,Normal
2021-09-09,34.7597179609657,Normal
2021-09-10,34.11414219209345,Normal
2021-09-13,33.662457336593164,Normal
2021-09-14,34.05110944657043,Normal
2021-09-15,33.10785250009457,Normal
2021-09-16,32.31847011461556,Normal
2021-09-17,31.86623944711054,Normal
2021-09-20,32.73951532792726,Normal
2021-09-21,38.30395180057552,Normal
2021-09-22,36.77039145067392,Normal
2021-09-23,38.80878241182879,Normal
2021-09-24,38.94391700955921,Normal
2021-09-27,38.87552215902341,Normal
2021-09-28,39.01650078668017,Normal
2021-09-29,45.36567887659483,Normal
2021-09-30,43.25580614378368,Normal
2021-10-01,41.15927280971105,Normal
2021-10-04,39.179003086206194,Normal
2021-10-05,46.90504496347241,Normal
2021-10-06,47.61947331633454,Normal
2021-10-07,45.070588936999464,Normal
2021-10-08,43.35117947195874,Normal
2021-10-11,41.775512869152735,Normal
2021-10-12,40.00796301311608,Normal
2021-10-13,38.23401920691592,Normal
2021-10-14,37.070612553911914,Normal
2021-10-15,40.36753840394888,Normal
2021-10-18,38.517374722242586,Normal
2021-10-19,37.629530913897966,Normal
2021-10-20,36.14118850811835,Normal
2021-10-21,35.37111301767954,Normal
2021-10-22,36.50629517957573,Normal
2021-10-25,35.18686010771962,Normal
2021-10-26,35.20355161776469,Normal
2021-10-27,47.7215177028427,Normal
2021-10-28,45.44657359102354,Normal
2021-10-29,43.8750067441926,Normal
2021-11-01,43.19754554618387,Normal
2021-11-02,41.13278939211995,Normal
2021-11-03,40.50883488131246,Normal
2021-11-04,38.69840966048864,Normal
2021-11-05,70.24801522995915,High
2021-11-08,64.8108765573529,High
2021-11-09,62.372808425645246,High
2021-11-10,57.9092836215292,High
2021-11-11,58.458754351921705,High
2021-11-12,56.425808695210776,Normal
2021-11-15,52.532007077264886,Normal
2021-11-16,49.715260974121215,Normal
2021-11-17,46.6475085437752,Normal
2021-11-18,47.639655713028255,Normal
2021-11-19,60.85153943312456,High
2021-11-22,59.98872475330447,High
2021-11-23,58.63228958856926,High
2021-11-24,54.685723525047024,Normal
2021-11-25,52.88707296030157,Normal
2021-11-26,49.41666943139148,Normal
2021-11-29,50.89066434677319,Normal
2021-11-30,56.10223510599266,Normal
2021-12-01,53.77069441194539,Normal
2021-12-02,54.83978542416137,Normal
2021-12-03,52.138363077269354,Normal
2021-12-06,55.19995195623114,Normal
2021-12-07,53.05178452437674,Normal
2021-12-08,63.50219192729429,High
2021-12-09,59.879608791901724,High
2021-12-10,60.701943912121365,High
2021-12-13,56.674964762587436,Normal
2021-12-14,65.5391567185852,High
2021-12-15,60.61377164750972,High
2021-12-16,67.51383800295615,High
2021-12-17,73.66332516838735,High
2021-12-20,68.97616208045847,High
2021-12-21,63.70849053485847,High
2021-12-22,63.751567318041914,High
2021-12-23,59.17235748236119,High
2021-12-24,55.019267115701375,Normal
2021-12-27,51.29240810907246,Normal
2021-12-28,52.69189575398874,Normal
2021-12-29,50.745236674978976,Normal
2021-12-30,48.04666498193678,Normal
2021-12-31,46.020059151550036,Normal
2022-01-03,43.62851789330246,Normal
2022-01-04,42.855532071566095,Normal
2022-01-05,43.83412065580438,Normal
2022-01-06,53.16614700482131,Normal
2022-01-07,50.57212325847311,Normal
2022-01-10,51.202674559640094,Normal
2022-01-11,47.94443744228735,Normal
2022-01-12,45.562120712889445,Normal
2022-01-13,43.03920352839123,Normal
2022-01-14,50.3115459556119,Normal
2022-01-17,47.51218184338001,Normal
2022-01-18,44.709532116319444,Normal
2022-01-19,47.87778419507181,Normal
2022-01-20,48.86274129034241,Normal
2022-01-21,50.623441283350985,Normal
2022-01-24,51.05515509445657,Normal
2022-01-25,47.810042042222626,Normal
2022-01-26,51.948875195801065,Normal
2022-01-27,49.44949022409815,Normal
2022-01-28,51.03745343409767,Normal
2022-01-31,51.827391514282645,Normal
2022-02-01,60.361489828711605,High
2022-02-02,56.02433687678303,Normal
2022-02-03,53.435345314722355,Normal
2022-02-04,58.03692430085402,High
2022-02-07,54.36974124963534,Normal
2022-02-08,51.261351474024146,Normal
2022-02-09,48.44727524794612,Normal
2022-02-10,55.4708854626813,Normal
2022-02-11,55.200989763152855,Normal
2022-02-14,66.33623745055912,High
2022-02-15,61.553721277658894,High
2022-02-16,73.14750308263113,High
2022-02-17,67.3628614851668,High
2022-02-18,75.9764898236933,High
2022-02-21,72.88121789592017,High
2022-02-22,67.13145665870431,High
2022-02-23,62.409414236578954,High
2022-02-24,62.95839437585216,High
2022-02-25,65.69765265377154,High
2022-02-28,61.218570688867764,High
2022-03-01,56.86711145089818,Normal
2022-03-02,57.213156548177224,Normal
2022-03-03,55.399504043003766,Normal
2022-03-04,53.15840230133991,Normal
2022-03-07,53.2632858977094,Normal
2022-03-08,63.72122113258309,High
2022-03-09,59.0286237950557,High
2022-03-10,64.92839466364855,High
2022-03-11,60.83090949465691,High
2022-03-14,58.31539005533305,High
2022-03-15,57.91332666665728,High
2022-03-16,66.15490223262518,High
2022-03-17,69.50643429109509,High
2022-03-18,64.26712919664809,High
2022-03-21,68.48738149282681,High
2022-03-22,63.347811692577956,High
2022-03-23,58.907923596219206,High
2022-03-24,58.1567561652477,High
2022-03-25,72.87731824792287,High
2022-03-28,67.88609036813834,High
2022-03-29,63.27303055990214,High
2022-03-30,58.97073022111865,High
2022-03-31,58.238359409642555,High
2022-04-01,54.906526554906165,Normal
2022-04-04,52.75602766226334,Normal
2022-04-05,50.59972016089506,Normal
2022-04-06,56.20347000295442,Normal
2022-04-07,62.361337746204896,High
2022-04-08,58.05318878683564,High
2022-04-11,59.943905746271014,High
2022-04-12,63.23603221935361,High
2022-04-13,59.68071824978145,High
2022-04-14,57.59345150279599,High
2022-04-15,58.994330897951286,High
2022-04-18,54.79980165148231,Normal
2022-04-19,52.40358736687987,Normal
2022-04-20,49.744993902157674,Normal
2022-04-21,50.36692134363203,Normal
2022-04-22,58.69420484250971,High
2022-04-25,57.89303766046466,High
2022-04-26,54.580450619193,Normal
2022-04-27,60.29631466198165,High
2022-04-28,57.24315145198173,Normal
2022-04-29,64.86678437169627,High
2022-05-02,69.97505895609413,High
2022-05-03,69.7278613118673,High
2022-05-04,64.30931488718913,High
2022-05-05,62.239582612751,High
2022-05-06,71.4970771369483,High
2022-05-09,66.17813072936453,High
2022-05-10,81.22709885895765,High
2022-05-11,76.86928641157881,High
2022-05-12,77.46014432876412,High
2022-05-13,73.04588999292365,High
2022-05-16,82.16030250523464,High
2022-05-17,76.87862547909579,High
2022-05-18,75.41155956222713,High
2022-05-19,79.74509511501775,High
2022-05-20,73.38077702464115,High
2022-05-23,69.22111888564703,High
2022-05-24,64.06150845409633,High
2022-05-25,64.55904197330172,High
2022-05-26,64.82317431280273,High
2022-05-27,65.19527787528338,High
2022-05-30,65.94106276858382,High
2022-05-31,60.95570249327156,High
2022-06-01,56.773471238615706,Normal
2022-06-02,54.08429137934141,Normal
2022-06-03,61.20782406213404,High
2022-06-06,62.35554789403368,High
2022-06-07,57.75969845590117,High
2022-06-08,53.753060301403316,Normal
2022-06-09,51.00189656448495,Normal
2022-06-10,51.37221744763904,Normal
2022-06-13,59.08417989682524,High
2022-06-14,71.0391584616021,High
2022-06-15,65.6694886404717,High
2022-06-16,64.40737975496381,High
2022-06-17,67.80647134698327,High
2022-06-20,63.122220105581405,High
2022-06-21,58.454202939719245,High
2022-06-22,58.33847248135864,High
2022-06-23,54.80753164726011,Normal
2022-06-24,51.42092011705994,Normal
2022-06-27,55.47887508467059,Normal
2022-06-28,52.548565728713996,Normal
2022-06-29,57.757968016031604,High
2022-06-30,56.13777931298055,Normal
2022-07-01,54.31602255186365,Normal
2022-07-04,56.23570168801697,Normal
2022-07-05,52.36436599243997,Normal
2022-07-06,51.088211285150294,Normal
2022-07-07,48.030694083188294,Normal
2022-07-08,51.05042509523743,Normal
2022-07-11,47.82920431427347,Normal
2022-07-12,51.53873279212281,Normal
2022-07-13,48.36904764637818,Normal
2022-07-14,45.46113484305158,Normal
2022-07-15,43.306070623825335,Normal
2022-07-18,42.76351358974949,Normal
2022-07-19,41.78023423152631,Normal
2022-07-20,48.31926602030162,Normal
2022-07-21,51.237165603909084,Normal
2022-07-22,48.30690217444352,Normal
2022-07-25,51.155999463055764,Normal
2022-07-26,49.04262914544449,Normal
2022-07-27,49.107003476091535,Normal
2022-07-28,59.70445257581258,High
2022-07-29,55.58628432009462,Normal
2022-08-01,51.921032662451374,Normal
2022-08-02,49.01615399504522,Normal
2022-08-03,46.0142902606988,Normal
2022-08-04,44.33302000321379,Normal
2022-08-05,42.61652957509945,Normal
2022-08-08,41.16890149397017,Normal
2022-08-09,53.444571284278126,Normal
2022-08-10,55.01041611759505,Normal
2022-08-11,59.13694558160322,High
2022-08-12,55.23728835617938,Normal
2022-08-15,55.61711304185779,Normal
2022-08-16,52.383102076661544,Normal
2022-08-17,49.2890073206158,Normal
2022-08-18,49.304097953186385,Normal
2022-08-19,47.60946660728956,Normal
2022-08-22,53.08182156493589,Normal
2022-08-23,56.210820753327006,Normal
2022-08-24,52.42227150688321,Normal
2022-08-25,48.98845109726376,Normal
2022-08-26,50.03239156643901,Normal
2022-08-29,71.07473700505538,High
2022-08-30,67.62291102556561,High
2022-08-31,63.74192196340602,High
2022-09-01,60.75510786333213,High
2022-09-02,71.63512168514868,High
2022-09-05,67.21635218136201,High
2022-09-06,62.08883063980921,High
2022-09-07,58.16265636142049,High
2022-09-08,54.72684773719749,Normal
2022-09-09,51.856772565971944,Normal
2022-09-12,50.370728340322145,Normal
2022-09-13,47.282393036813694,Normal
2022-09-14,70.63197408635628,High
2022-09-15,65.13033913143194,High
2022-09-16,60.981015782677,High
2022-09-19,57.35914065395086,Normal
2022-09-20,53.677466514786495,Normal
2022-09-21,51.0291771829197,Normal
2022-09-22,47.80940362584899,Normal
2022-09-23,54.33744525164518,Normal
2022-09-26,50.782032066430816,Normal
2022-09-27,49.54067746946122,Normal
2022-09-28,46.93649103627113,Normal
2022-09-29,45.891543727009115,Normal
2022-09-30,49.300688291619416,Normal
2022-10-03,46.51759514685754,Normal
2022-10-04,46.26978148059017,Normal
2022-10-05,50.77159424289245,Normal
2022-10-06,47.54042910028447,Normal
2022-10-07,44.950710580616935,Normal
2022-10-10,62.85830397704662,High
2022-10-11,61.47028845518559,High
2022-10-12,57.21754622809979,Normal
2022-10-13,53.48575138910924,Normal
2022-10-14,53.657468129513155,Normal
2022-10-17,61.31039509851812,High
2022-10-18,63.953464808016776,High
2022-10-19,59.21406788948106,High
2022-10-20,55.02661802101867,Normal
2022-10-21,51.516654898964404,Normal
2022-10-24,49.31276483118484,Normal
2022-10-25,46.46076232134776,Normal
2022-10-26,50.965235524676814,Normal
2022-10-27,50.4476400733318,Normal
2022-10-28,48.33044379081497,Normal
2022-10-31,51.722796209106896,Normal
2022-11-01,50.54367403331022,Normal
2022-11-02,47.34151351569004,Normal
2022-11-03,46.811596730971665,Normal
2022-11-04,44.58938959268495,Normal
2022-11-07,50.1793869537399,Normal
2022-11-08,47.196380698741294,Normal
2022-11-09,45.477588439915955,Normal
2022-11-10,53.942520748452736,Normal
2022-11-11,86.64706950778377,High
2022-11-14,81.41908659149468,High
2022-11-15,74.78195246441496,High
2022-11-16,69.63778206848808,High
2022-11-17,69.41843579616081,High
2022-11-18,64.70772151805511,High
2022-11-21,60.78704783263329,High
2022-11-22,56.55698770120788,Normal
2022-11-23,57.559147395672014,High
2022-11-24,55.436106331476,Normal
2022-11-25,51.65959558141856,Normal
2022-11-28,49.255338070495874,Normal
2022-11-29,48.978840059881726,Normal
2022-11-30,46.62980203354947,Normal
2022-12-01,60.16522448674795,High
2022-12-02,56.06736828505509,Normal
2022-12-05,53.06964722235806,Normal
2022-12-06,50.5435942698594,Normal
2022-12-07,52.175770221812094,Normal
2022-12-08,48.86695272309078,Normal
2022-12-09,56.1974974168482,Normal
2022-12-12,52.73721922041096,Normal
2022-12-13,51.560116157627725,Normal
2022-12-14,50.45155385722581,Normal
2022-12-15,49.11223076554289,Normal
2022-12-16,51.87198781135263,Normal
2022-12-19,50.37904032302903,Normal
2022-12-20,48.642665580145085,Normal
2022-12-21,46.211001800320034,Normal
2022-12-22,45.260343248609615,Normal
2022-12-23,58.958727921018266,High
2022-12-26,55.086936915209506,Normal
2022-12-27,51.35200705736279,Normal
2022-12-28,63.27318629334813,High
2022-12-29,58.75519257154507,High
2022-12-30,58.07594440526509,High
2023-01-02,53.97937022375552,Normal
2023-01-03,50.37705628005903,Normal
2023-01-04,48.82259749560517,Normal
2023-01-05,48.114741543899726,Normal
2023-01-06,49.17087731425453,Normal
2023-01-09,50.49219267318,Normal
2023-01-10,53.827996873014385,Normal
2023-01-11,50.88471700093519,Normal
2023-01-12,47.66879308748942,Normal
2023-01-13,47.41312534519998,Normal
2023-01-16,45.95572011099671,Normal
2023-01-17,43.35316833847735,Normal
2023-01-18,47.33548620934208,Normal
2023-01-19,45.95838263963118,Normal
2023-01-20,48.006958799309004,Normal
2023-01-23,55.288877960315155,Normal
2023-01-24,63.95015970975151,High
2023-01-25,59.17500363161092,High
2023-01-26,54.942040257329815,Normal
2023-01-27,52.536531801145,Normal
2023-01-30,50.95337233234107,Normal
2023-01-31,58.64045245494093,High
2023-02-01,55.209101700921885,Normal
2023-02-02,62.746051798585505,High
2023-02-03,60.797155102492006,High
2023-02-06,58.79472073508761,High
2023-02-07,54.63128923166391,Normal
2023-02-08,56.969214400743034,Normal
2023-02-09,52.99653094456811,Normal
2023-02-10,49.525081948163574,Normal
2023-02-13,54.14243530623807,Normal
2023-02-14,51.82744542316231,Normal
2023-02-15,55.479647299213596,Normal
2023-02-16,52.05724645952107,Normal
2023-02-17,52.500452211417304,Normal
2023-02-20,51.79142265136696,Normal
2023-02-21,48.454521600406814,Normal
2023-02-22,49.765902707777656,Normal
2023-02-23,46.672720919359776,Normal
2023-02-24,81.88341004976552,High
2023-02-27,75.82615772469916,High
2023-02-28,69.83358476983379,High
2023-03-01,64.8911527029689,High
2023-03-02,61.51206284664353,High
2023-03-03,58.469722806822176,High
2023-03-06,55.56575536285231,Normal
2023-03-07,52.53340282590216,Normal
2023-03-08,49.64235540982711,Normal
2023-03-09,50.20748542960179,Normal
2023-03-10,50.44726157734412,Normal
2023-03-13,48.831590985251886,Normal
2023-03-14,45.86116075377972,Normal
2023-03-15,49.298792332948,Normal
2023-03-16,46.30482644480727,Normal
2023-03-17,51.285642192547684,Normal
2023-03-20,48.05303591307151,Normal
2023-03-21,45.21539711406163,Normal
2023-03-22,42.95128512221919,Normal
2023-03-23,40.92567025853514,Normal
2023-03-24,41.10573818033733,Normal
2023-03-27,40.287462012593544,Normal
2023-03-28,38.95026858402946,Normal
2023-03-29,37.47065064793781,Normal
2023-03-30,37.40750969782464,Normal
2023-03-31,36.53054809990518,Normal
2023-04-03,35.75690301281098,Normal
2023-04-04,34.615481743410584,Normal
2023-04-05,35.435486075116096,Normal
2023-04-06,36.552967157816404,Normal
2023-04-07,35.26287314874388,Normal
2023-04-10,34.15338426243411,Normal
2023-04-11,34.453027326933565,Normal
2023-04-12,34.74758851097679,Normal
2023-04-13,36.83434600033687,Normal
2023-04-14,35.520679926839364,Normal
2023-04-17,34.64396501491448,Normal
2023-04-18,33.77925148608081,Normal
2023-04-19,34.878647739655506,Normal
2023-04-20,34.000727079855785,Normal
2023-04-21,37.42495216698486,Normal
2023-04-24,35.982520154601886,Normal
2023-04-25,34.85921511381685,Normal
2023-04-26,38.07091488454131,Normal
2023-04-27,38.77608561686032,Normal
2023-04-28,37.33193169096991,Normal
2023-05-01,36.95395137879195,Normal
2023-05-02,41.107041485932264,Normal
2023-05-03,41.75148535064579,Normal
2023-05-04,40.74226987985293,Normal
2023-05-05,39.28278227600268,Normal
2023-05-08,42.53047973254633,Normal
2023-05-09,41.02054505334344,Normal
2023-05-10,40.9131708364069,Normal
2023-05-11,39.21555387625372,Normal
2023-05-12,38.17330675088104,Normal
2023-05-15,37.077137026557025,Normal
2023-05-16,37.06925391751989,Normal
2023-05-17,35.82359320320086,Normal
2023-05-18,38.144807289620616,Normal
2023-05-19,44.115063774171176,Normal
2023-05-22,42.580846176776134,Normal
2023-05-23,40.505640951170065,Normal
2023-05-24,39.852138559646434,Normal
2023-05-25,38.25956759394327,Normal
2023-05-26,121.42484418803507,High
2023-05-29,111.33378073375265,High
2023-05-30,101.59990326488163,High
2023-05-31,93.95259667967312,High
2023-06-01,92.014102787396,High
2023-06-02,87.98003654731471,High
2023-06-05,80.95603050028937,High
2023-06-06,74.4115974791118,High
2023-06-07,69.01202922206481,High
2023-06-08,66.16202333837931,High
2023-06-09,62.55174407098902,High
2023-06-12,57.973796206862524,High
2023-06-13,54.526762949205974,Normal
2023-06-14,54.327593349494556,Normal
2023-06-15,56.000362651036966,Normal
2023-06-16,52.45053066733711,Normal
2023-06-19,49.02159395473963,Normal
2023-06-20,46.02799355391872,Normal
2023-06-21,45.14698049620729,Normal
2023-06-22,43.983587048765145,Normal
2023-06-23,41.64886955651794,Normal
2023-06-26,41.28389277713234,Normal
2023-06-27,44.95120563871889,Normal
2023-06-28,44.96153888999996,Normal
2023-06-29,43.9246784901501,Normal
2023-06-30,41.89776380590966,Normal
2023-07-03,43.57922898371914,Normal
2023-07-04,41.26537103230007,Normal
2023-07-05,39.288797931718975,Normal
2023-07-06,37.653367276628906,Normal
2023-07-07,36.39532563922572,Normal
2023-07-10,35.27946416803758,Normal
2023-07-11,34.57883923495057,Normal
2023-07-12,33.57653395832657,Normal
2023-07-13,36.96250370852101,Normal
2023-07-14,42.580893009689895,Normal
2023-07-17,41.067356294914724,Normal
2023-07-18,40.399706647134124,Normal
2023-07-19,39.89974982128695,Normal
2023-07-20,38.57887542636368,Normal
2023-07-21,41.76800337397481,Normal
2023-07-24,42.75858659587581,Normal
2023-07-25,40.617260874100026,Normal
2023-07-26,40.31934663708956,Normal
2023-07-27,38.66401303625584,Normal
2023-07-28,37.227446506106006,Normal
2023-07-31,36.7818478973785,Normal
2023-08-01,35.454744314612356,Normal
2023-08-02,34.515365559310524,Normal
2023-08-03,43.58657463470742,Normal
2023-08-04,41.30177917123485,Normal
2023-08-07,39.29956265987551,Normal
2023-08-08,38.29068391746065,Normal
2023-08-09,38.146342247115,Normal
2023-08-10,45.70517550156771,Normal
2023-08-11,43.25432347564969,Normal
2023-08-14,46.13754754188137,Normal
2023-08-15,56.08295422722582,Normal
2023-08-16,52.21844722278888,Normal
2023-08-17,49.305944466726515,Normal
2023-08-18,46.3631946783544,Normal
2023-08-21,43.72938299285603,Normal
2023-08-22,59.17092404020063,High
2023-08-23,57.35328061571853,Normal
2023-08-24,55.5014881119807,Normal
2023-08-25,51.705457574413096,Normal
2023-08-28,50.515909602036096,Normal
2023-08-29,47.99545354343315,Normal
2023-08-30,49.54927564430504,Normal
2023-08-31,46.62832442516422,Normal
2023-09-01,43.91843681342892,Normal
2023-09-04,42.912330689066344,Normal
2023-09-05,40.71163421905698,Normal
2023-09-06,38.79839305084431,Normal
2023-09-07,41.30318112439957,Normal
2023-09-08,40.76528550519487,Normal
2023-09-11,39.914481017310656,Normal
2023-09-12,38.57985241746108,Normal
2023-09-13,37.30098860998392,Normal
2023-09-14,36.34358322479587,Normal
2023-09-15,35.04423283652097,Normal
2023-09-18,40.22305104784687,Normal
2023-09-19,38.37005507285305,Normal
2023-09-20,37.41199960304295,Normal
2023-09-21,39.965854578342736,Normal
2023-09-22,41.83132592130908,Normal
2023-09-25,40.24997085586552,Normal
2023-09-26,38.925317426752954,Normal
2023-09-27,37.63572434617635,Normal
2023-09-28,36.59085864212181,Normal
2023-09-29,35.829433669056854,Normal
2023-10-02,34.80146028371029,Normal
2023-10-03,36.60552676929444,Normal
2023-10-04,39.06124537681431,Normal
2023-10-05,37.70357608697988,Normal
2023-10-06,36.770706069668016,Normal
2023-10-09,37.1836293690537,Normal
2023-10-10,36.47178007966148,Normal
2023-10-11,35.477471693203384,Normal
2023-10-12,35.81764824456122,Normal
2023-10-13,34.59626990572305,Normal
2023-10-16,38.39727840229055,Normal
2023-10-17,37.28956107481705,Normal
2023-10-18,44.96837926850022,Normal
2023-10-19,48.36293304648977,Normal
2023-10-20,45.50573426279306,Normal
2023-10-23,44.225518293946735,Normal
2023-10-24,45.866946451000786,Normal
2023-10-25,43.83692355030535,Normal
2023-10-26,48.48833924191971,Normal
2023-10-27,49.907593831093536,Normal
2023-10-30,46.79109711371667,Normal
2023-10-31,44.65825165477198,Normal
2023-11-01,42.68405869737968,Normal
2023-11-02,44.54694550469099,Normal
2023-11-03,44.18063047364449,Normal
2023-11-06,45.03606191842788,Normal
2023-11-07,43.17434725973845,Normal
2023-11-08,40.926374385632556,Normal
2023-11-09,39.398497939102235,Normal
2023-11-10,37.76924616915326,Normal
2023-11-13,38.94691553134003,Normal
2023-11-14,37.31005775365722,Normal
2023-11-15,37.21513227658828,Normal
2023-11-16,37.09740620996976,Normal
2023-11-17,36.04339072310309,Normal
2023-11-20,34.95166098625928,Normal
2023-11-21,35.47215419472469,Normal
2023-11-22,34.8905382473061,Normal
2023-11-23,36.8964177284915,Normal
2023-11-24,35.542013757190674,Normal
2023-11-27,36.35346486941359,Normal
2023-11-28,35.258331261881345,Normal
2023-11-29,34.66354919266343,Normal
2023-11-30,33.68660223204994,Normal
2023-12-01,36.895054774134245,Normal
2023-12-04,35.54316363272038,Normal
2023-12-05,37.91124893127569,Normal
2023-12-06,37.99859071211103,Normal
2023-12-07,38.98299084423055,Normal
2023-12-08,38.98804112402429,Normal
2023-12-11,38.37150666285026,Normal
2023-12-12,38.5120156558459,Normal
2023-12-13,38.31610017605581,Normal
2023-12-14,36.888145765951684,Normal
2023-12-15,35.5396893903044,Normal
2023-12-18,34.66143517250897,Normal
2023-12-19,35.52267167365508,Normal
2023-12-20,34.954788862481266,Normal
2023-12-21,38.26527642574604,Normal
2023-12-22,37.61695951383317,Normal
2023-12-25,36.26750129976981,Normal
2023-12-26,35.00650169047252,Normal
2023-12-27,34.08889996689524,Normal
2023-12-28,33.13082331375228,Normal
2023-12-29,32.32387887204249,Normal
